file_path,character,readability,p_hue,p_sat,p_val,f_hue,f_sat,f_val,lines,label
../data/L_2_048.png,L,2,22,16,178,21,18,200,81,0
../data/U_2_029.png,U,2,84,62,107,30,2,209,133,1
../data/colon_2_28.png,:,2,83,88,99,21,14,181,60,1
../data/U_2_001.png,U,2,88,35,102,77,17,139,21,1
../data/Y_3_27.png,Y,3,75,42,108,30,11,145,64,1
../data/A_2_06.png,A,2,42,10,134,80,8,182,24,0
../data/L_2_060.png,L,2,91,40,140,25,8,202,111,1
../data/L_2_074.png,L,2,40,4,190,64,12,150,30,0
../data/A_2_12.png,A,2,21,10,186,25,7,223,83,0
../data/U_2_015.png,U,2,15,9,170,88,60,106,109,0
../data/colon_2_14.png,:,2,91,65,82,37,42,139,22,1
../data/L_3_08.png,L,3,66,33,125,24,7,183,78,1
../data/T_2_29.png,T,2,78,9,137,36,6,217,43,1
../data/M_3_08.png,M,3,63,32,88,80,27,141,195,1
../data/T_2_15.png,T,2,21,17,154,9,32,185,49,0
../data/L_3_20.png,L,3,23,12,176,95,26,126,72,0
../data/T_2_01.png,T,2,49,32,88,48,25,135,121,0
../data/H_3_02.png,H,3,86,42,104,62,26,137,201,1
../data/H_3_16.png,H,3,83,24,96,40,25,123,118,1
../data/I_3_02.png,I,3,72,34,112,35,23,134,51,1
../data/D_2_18.png,D,2,103,29,104,19,37,188,37,1
../data/E_2_18.png,E,2,28,20,192,32,46,155,76,0
../data/E_2_30.png,E,2,32,38,129,27,11,206,126,0
../data/D_2_24.png,D,2,76,34,114,40,14,160,49,1
../data/E_2_24.png,E,2,32,23,176,32,44,150,104,0
../data/0_2_19.png,0,2,109,44,122,24,6,216,150,1
../data/O_2_27.png,O,2,21,20,220,21,34,196,66,0
../data/0_2_25.png,0,2,76,43,143,26,9,217,76,1
../data/0_2_31.png,0,2,21,9,197,178,41,156,77,0
../data/O_2_33.png,O,2,23,11,210,30,2,247,40,0
../data/C_3_29.png,C,3,94,48,123,75,3,150,85,1
../data/C_3_01.png,C,3,82,63,102,64,26,139,150,1
../data/C_3_15.png,C,3,28,18,167,103,61,80,37,0
../data/I_2_42.png,I,2,65,29,107,23,30,169,23,1
../data/H_2_42.png,H,2,100,15,154,26,9,201,40,1
../data/L_2_114.png,L,2,95,55,79,70,18,126,29,1
../data/L_2_100.png,L,2,23,11,186,92,35,117,72,0
../data/J_2_39.png,J,2,40,4,203,79,28,157,84,0
../data/5_2_07.png,5,2,40,8,195,112,40,114,73,0
../data/J_2_05.png,J,2,60,3,190,95,22,149,133,0
../data/4_2_13.png,4,2,80,20,113,23,15,151,83,1
../data/4_2_07.png,4,2,64,17,119,22,25,155,95,0
../data/J_2_11.png,J,2,18,13,192,15,12,172,70,0
../data/4_2_06.png,4,2,48,81,104,25,39,151,49,1
../data/J_2_10.png,J,2,69,26,128,75,51,110,79,1
../data/J_2_04.png,J,2,53,5,209,68,6,182,53,0
../data/5_2_06.png,5,2,30,4,178,79,39,110,87,0
../data/4_2_12.png,4,2,66,62,132,27,16,158,40,1
../data/J_2_38.png,J,2,102,74,100,71,21,134,66,1
../data/L_2_101.png,L,2,102,47,109,40,8,190,71,1
../data/!_2_01.png,!,2,69,48,138,43,29,184,46,1
../data/L_2_115.png,L,2,66,57,94,33,47,129,39,1
../data/H_2_43.png,H,2,16,34,175,14,14,202,35,0
../data/Z_3_1.png,Z,3,95,62,136,83,35,155,103,1
../data/I_2_43.png,I,2,24,6,202,54,25,104,105,0
../data/C_3_14.png,C,3,64,33,123,20,21,185,56,1
../data/C_3_28.png,C,3,82,76,118,30,7,156,33,1
../data/O_2_32.png,O,2,19,9,215,20,6,237,22,0
../data/0_2_30.png,0,2,70,47,98,17,26,183,50,1
../data/0_2_24.png,0,2,67,47,113,63,24,125,91,1
../data/O_2_26.png,O,2,113,21,108,35,8,201,44,1
../data/0_2_18.png,0,2,21,14,183,68,70,110,90,0
../data/O_3_1.png,O,3,37,20,170,25,7,214,54,0
../data/E_2_25.png,E,2,42,23,142,84,68,105,39,0
../data/E_2_31.png,E,2,36,7,184,33,17,154,49,0
../data/D_2_25.png,D,2,88,61,105,81,25,131,102,1
../data/E_2_19.png,E,2,86,16,127,30,9,204,72,1
../data/D_2_19.png,D,2,83,40,115,41,21,169,106,1
../data/H_3_17.png,H,3,76,34,97,19,38,195,136,1
../data/I_3_03.png,I,3,66,31,123,24,6,221,27,1
../data/H_3_03.png,H,3,80,47,115,54,27,143,92,1
../data/P_2_22.png,P,2,51,13,136,92,33,109,43,0
../data/S_3_2.png,S,3,12,23,190,94,62,103,69,0
../data/T_2_14.png,T,2,23,17,181,21,26,167,99,0
../data/T_2_28.png,T,2,98,75,75,24,20,188,16,1
../data/L_3_09.png,L,3,33,19,164,104,33,86,70,0
../data/A_2_13.png,A,2,80,67,111,54,41,151,110,1
../data/Y_3_32.png,Y,3,54,10,127,15,2,225,42,0
../data/L_2_075.png,L,2,39,48,100,42,7,171,72,0
../data/colon_2_15.png,:,2,62,30,135,30,1,215,39,1
../data/U_2_014.png,U,2,62,42,109,43,14,131,55,1
../data/colon_2_01.png,:,2,15,11,193,55,21,143,90,0
../data/L_2_061.png,L,2,32,23,168,85,54,104,73,0
../data/A_2_07.png,A,2,45,10,148,80,9,180,21,0
../data/Y_3_26.png,Y,3,111,26,100,38,20,138,78,1
../data/L_2_049.png,L,2,90,8,132,24,7,196,92,1
../data/colon_2_29.png,:,2,35,9,170,82,28,136,83,0
../data/U_2_028.png,U,2,74,36,92,90,9,177,53,1
../data/Y_3_18.png,Y,3,101,35,103,20,11,209,107,1
../data/U_2_016.png,U,2,73,53,144,26,9,193,95,1
../data/colon_2_17.png,:,2,21,19,191,20,18,166,91,0
../data/L_2_077.png,L,2,49,22,92,18,25,181,42,0
../data/Y_3_30.png,Y,3,85,39,112,49,26,139,84,1
../data/A_2_11.png,A,2,25,17,175,80,51,110,42,0
../data/Y_3_24.png,Y,3,82,77,103,76,51,140,138,1
../data/A_2_05.png,A,2,54,10,132,77,15,118,24,0
../data/L_2_063.png,L,2,36,7,196,56,12,166,104,0
../data/U_2_002.png,U,2,116,17,121,90,2,158,29,1
../data/colon_2_03.png,:,2,55,51,110,37,53,140,108,1
../data/L_2_088.png,L,2,75,51,100,50,5,147,64,1
../data/T_2_02.png,T,2,60,28,101,30,25,145,101,1
../data/T_2_16.png,T,2,86,51,126,45,3,160,42,1
../data/P_2_08.png,P,2,54,42,85,44,44,123,107,1
../data/Q_2_08.png,Q,2,38,39,98,30,21,135,68,0
../data/I_3_01.png,I,3,25,9,163,50,5,141,167,0
../data/H_3_15.png,H,3,95,56,114,10,3,219,28,1
../data/P_2_20.png,P,2,84,44,115,103,62,94,101,1
../data/H_3_01.png,H,3,42,6,200,95,56,82,149,0
../data/I_3_15.png,I,3,22,13,213,36,9,143,72,0
../data/E_2_27.png,E,2,38,10,195,45,16,159,93,0
../data/O_3_3.png,O,3,90,3,156,105,4,227,85,1
../data/E_2_33.png,E,2,30,7,191,14,60,97,69,0
../data/O_2_18.png,O,2,18,30,184,90,7,104,88,0
../data/O_2_30.png,O,2,19,11,185,20,7,207,23,0
../data/O_2_24.png,O,2,60,27,170,20,25,217,32,0
../data/0_2_26.png,0,2,18,55,189,18,61,179,24,0
../data/C_3_16.png,C,3,70,9,176,19,10,213,111,1
../data/C_3_02.png,C,3,26,10,176,27,20,143,147,0
../data/H_2_41.png,H,2,101,54,95,55,21,147,81,1
../data/F_3_08.png,F,3,27,14,159,82,44,111,66,0
../data/I_2_41.png,I,2,79,43,95,49,24,119,21,1
../data/L_2_103.png,L,2,16,15,181,125,32,97,92,0
../data/L_2_117.png,L,2,20,26,204,21,64,172,76,0
../data/!_2_03.png,!,2,63,23,133,102,50,102,107,1
../data/J_2_12.png,J,2,78,36,107,33,16,146,75,1
../data/5_2_10.png,5,2,80,17,132,47,15,156,160,1
../data/4_2_04.png,4,2,71,59,116,13,16,196,47,1
../data/4_2_10.png,4,2,21,23,212,21,47,170,75,0
../data/5_2_04.png,5,2,60,5,189,20,38,81,78,0
../data/J_2_06.png,J,2,30,4,198,101,92,108,161,0
../data/4_2_11.png,4,2,40,35,109,20,12,190,125,0
../data/J_2_07.png,J,2,75,3,156,60,4,142,27,1
../data/5_2_05.png,5,2,73,34,143,30,2,220,53,1
../data/5_2_11.png,5,2,76,24,115,12,37,160,69,1
../data/J_2_13.png,J,2,70,30,126,53,7,147,47,1
../data/4_2_05.png,4,2,71,65,110,85,50,92,40,1
../data/L_2_116.png,L,2,75,41,87,13,56,140,28,1
../data/!_2_02.png,!,2,42,72,121,30,19,190,122,1
../data/L_2_102.png,L,2,94,63,126,80,9,173,109,1
../data/I_2_40.png,I,2,101,104,101,23,5,201,85,1
../data/F_3_09.png,F,3,61,47,125,25,9,168,54,1
../data/H_2_40.png,H,2,92,36,106,49,13,154,42,1
../data/C_3_03.png,C,3,45,79,107,42,66,132,56,1
../data/C_3_17.png,C,3,75,3,176,20,3,231,60,1
../data/0_2_27.png,0,2,80,86,104,50,18,128,65,1
../data/O_2_25.png,O,2,21,24,183,29,63,93,70,0
../data/O_2_31.png,O,2,24,6,203,30,3,165,34,0
../data/O_2_19.png,O,2,20,30,176,50,19,119,57,0
../data/E_2_32.png,E,2,24,27,96,48,8,160,89,0
../data/E_2_26.png,E,2,40,5,144,23,11,202,58,0
../data/O_3_2.png,O,3,165,38,135,174,15,165,12,1
../data/P_2_21.png,P,2,36,52,94,36,7,177,50,0
../data/I_3_14.png,I,3,42,6,199,71,13,163,128,0
../data/H_3_14.png,H,3,18,12,205,18,14,178,63,0
../data/S_3_1.png,S,3,100,65,106,87,17,148,76,1
../data/Q_2_09.png,Q,2,15,19,192,110,13,115,40,0
../data/P_2_09.png,P,2,58,19,176,30,8,199,62,0
../data/T_2_17.png,T,2,83,68,105,72,10,134,63,1
../data/T_2_03.png,T,2,36,7,186,72,17,148,158,0
../data/L_2_089.png,L,2,38,7,152,68,47,108,73,0
../data/L_2_062.png,L,2,30,6,210,60,7,177,95,0
../data/A_2_04.png,A,2,60,8,130,83,20,115,43,0
../data/Y_3_25.png,Y,3,33,43,119,32,55,92,99,0
../data/colon_2_02.png,:,2,93,25,113,19,13,213,71,1
../data/U_2_003.png,U,2,26,21,174,32,50,91,98,0
../data/colon_2_16.png,:,2,74,66,135,40,15,158,26,1
../data/U_2_017.png,U,2,82,72,127,74,51,144,112,1
../data/A_2_10.png,A,2,18,14,176,20,11,209,27,0
../data/Y_3_31.png,Y,3,77,35,115,50,27,140,90,1
../data/L_2_076.png,L,2,33,15,165,53,7,148,41,0
../data/Y_3_19.png,Y,3,28,21,147,27,52,88,113,0
../data/L_2_072.png,L,2,34,9,195,70,14,160,105,0
../data/A_2_14.png,A,2,80,51,129,85,76,118,76,1
../data/U_2_013.png,U,2,35,18,187,24,12,212,87,0
../data/colon_2_12.png,:,2,79,36,78,38,45,147,40,1
../data/U_2_007.png,U,2,60,9,140,80,8,197,25,0
../data/colon_2_06.png,:,2,21,13,202,25,26,164,103,0
../data/Y_3_21.png,Y,3,35,29,105,23,19,159,161,0
../data/L_2_066.png,L,2,74,33,132,23,12,199,61,1
../data/Y_3_09.png,Y,3,72,47,119,70,5,159,57,1
../data/X_3_09.png,X,3,66,48,111,58,29,132,33,1
../data/T_2_07.png,T,2,83,81,107,93,107,95,32,1
../data/T_2_13.png,T,2,43,33,94,50,18,131,185,0
../data/L_2_099.png,L,2,92,63,126,83,21,161,93,1
../data/H_3_10.png,H,3,21,11,166,83,52,99,89,0
../data/I_3_04.png,I,3,73,63,110,54,35,137,130,1
../data/I_3_10.png,I,3,79,29,96,41,29,124,97,1
../data/H_3_04.png,H,3,19,10,202,38,10,106,90,0
../data/P_2_19.png,P,2,72,59,99,21,36,186,82,1
../data/E_2_22.png,E,2,67,40,114,45,23,135,57,1
../data/E_2_36.png,E,2,55,20,165,40,4,205,65,0
../data/D_2_22.png,D,2,92,34,121,60,5,152,55,1
../data/7_3_1.png,7,3,120,7,140,34,9,225,47,1
../data/O_2_35.png,O,2,20,15,209,135,3,153,34,0
../data/O_2_21.png,O,2,105,67,118,18,6,214,77,1
../data/0_2_23.png,0,2,81,43,113,46,19,144,128,1
../data/Y_2_49.png,Y,2,70,50,107,65,22,126,45,1
../data/O_2_09.png,O,2,20,45,153,24,6,225,89,0
../data/C_3_13.png,C,3,90,69,103,73,40,154,229,1
../data/C_3_07.png,C,3,60,13,181,78,19,159,144,0
../data/L_2_106.png,L,2,110,33,115,30,5,218,142,1
../data/!_2_06.png,!,2,24,6,206,101,82,127,55,0
../data/L_2_112.png,L,2,72,47,124,20,4,184,29,1
../data/I_2_50.png,I,2,92,41,112,76,26,145,97,1
../data/H_2_44.png,H,2,83,41,112,26,11,164,44,1
../data/H_2_50.png,H,2,19,15,190,174,8,156,30,0
../data/I_2_44.png,I,2,23,11,179,18,6,214,68,0
../data/4_2_01.png,4,2,124,44,98,24,8,167,31,1
../data/J_2_17.png,J,2,77,39,104,38,19,144,112,1
../data/5_2_01.png,5,2,115,28,120,34,10,198,33,1
../data/J_2_03.png,J,2,35,10,152,36,7,175,70,0
../data/4_2_15.png,4,2,86,18,114,0,22,148,53,1
../data/J_2_02.png,J,2,40,4,200,94,71,86,139,0
../data/4_2_14.png,4,2,94,54,99,78,34,127,98,1
../data/J_2_16.png,J,2,100,60,102,60,13,160,91,1
../data/H_2_51.png,H,2,25,8,193,38,6,158,47,0
../data/I_2_45.png,I,2,93,39,117,69,24,149,102,1
../data/H_2_45.png,H,2,95,23,133,30,1,219,46,1
../data/!_2_07.png,!,2,23,14,225,53,16,194,36,0
../data/L_2_113.png,L,2,44,19,175,25,16,197,81,0
../data/L_2_107.png,L,2,24,15,169,25,15,192,37,0
../data/C_3_06.png,C,3,20,22,212,17,21,197,23,0
../data/G_3_1.png,G,3,30,4,183,70,5,155,65,0
../data/C_3_12.png,C,3,63,23,121,20,20,192,110,1
../data/O_2_08.png,O,2,81,30,112,30,20,141,43,1
../data/Y_2_48.png,Y,2,17,11,207,36,23,155,80,0
../data/0_2_22.png,0,2,56,26,139,19,18,198,84,0
../data/O_2_20.png,O,2,20,16,190,17,8,217,102,0
../data/O_2_34.png,O,2,20,11,215,21,8,230,19,0
../data/E_2_37.png,E,2,104,26,107,70,26,145,72,1
../data/D_2_23.png,D,2,78,69,118,69,34,141,44,1
../data/E_2_23.png,E,2,103,16,145,24,6,221,70,1
../data/P_2_18.png,P,2,22,17,169,80,59,103,59,0
../data/I_3_11.png,I,3,103,33,109,25,7,208,60,1
../data/H_3_05.png,H,3,83,18,125,30,4,201,83,1
../data/H_3_11.png,H,3,51,35,151,99,43,95,95,0
../data/I_3_05.png,I,3,40,12,184,104,89,97,195,0
../data/L_2_098.png,L,2,17,20,183,26,14,142,64,0
../data/T_2_12.png,T,2,97,59,134,18,6,203,83,1
../data/T_2_06.png,T,2,36,53,116,29,46,134,33,0
../data/X_3_08.png,X,3,77,75,133,62,28,154,26,1
../data/question_2_2.png,?,2,20,23,170,120,12,88,95,0
../data/Y_3_08.png,Y,3,60,27,85,40,18,130,88,1
../data/colon_2_07.png,:,2,20,12,186,24,6,218,48,0
../data/U_2_006.png,U,2,24,7,193,96,9,149,98,0
../data/L_2_067.png,L,2,20,4,209,60,3,176,80,0
../data/A_2_01.png,A,2,60,3,179,105,8,134,31,0
../data/Y_3_20.png,Y,3,79,68,108,50,28,137,89,1
../data/A_2_15.png,A,2,35,30,94,46,22,128,147,0
../data/L_2_073.png,L,2,101,67,129,98,38,149,91,1
../data/colon_2_13.png,:,2,26,24,169,30,7,215,57,0
../data/U_2_012.png,U,2,27,14,177,27,12,199,62,0
../data/Y_3_22.png,Y,3,27,39,136,53,29,107,31,0
../data/A_2_03.png,A,2,50,6,130,0,0,154,24,0
../data/L_2_065.png,L,2,93,39,125,53,6,157,59,1
../data/U_2_004.png,U,2,19,23,189,19,23,157,88,0
../data/colon_2_05.png,:,2,25,21,205,74,44,121,51,0
../data/U_2_010.png,U,2,100,25,123,66,6,224,31,1
../data/colon_2_11.png,:,2,26,10,176,90,28,100,49,0
../data/L_2_071.png,L,2,99,58,123,70,5,157,78,1
../data/A_2_17.png,A,2,40,4,204,77,12,155,92,0
../data/L_2_059.png,L,2,96,46,138,21,9,202,107,1
../data/U_2_038.png,U,2,30,4,192,87,18,155,47,0
../data/T_2_10.png,T,2,47,11,201,69,26,155,65,0
../data/T_2_04.png,T,2,27,15,169,33,58,93,82,0
../data/L_3_19.png,L,3,21,18,183,26,11,156,78,0
../data/T_2_38.png,T,2,36,34,113,67,66,100,46,0
../data/H_3_07.png,H,3,34,9,198,35,17,176,57,0
../data/I_3_13.png,I,3,24,13,190,38,14,151,63,0
../data/I_3_07.png,I,3,21,23,186,20,19,164,65,0
../data/H_3_13.png,H,3,82,80,105,40,4,209,32,1
../data/R_1_1.png,R,1,21,9,209,21,9,205,12,0
../data/D_2_21.png,D,2,96,38,133,20,4,211,85,1
../data/E_2_35.png,E,2,49,21,168,30,2,206,55,0
../data/E_2_21.png,E,2,17,8,214,115,24,139,56,0
../data/O_3_5.png,O,3,69,15,116,23,21,148,96,1
../data/E_2_09.png,E,2,108,74,104,20,4,216,35,1
../data/D_2_09.png,D,2,45,8,196,73,20,152,81,0
../data/O_2_22.png,O,2,105,37,123,30,1,211,158,1
../data/0_2_20.png,0,2,80,56,91,35,20,142,63,1
../data/O_2_36.png,O,2,19,9,217,30,3,242,25,0
../data/1_2_08.png,1,2,96,59,122,15,2,218,124,1
../data/0_2_08.png,0,2,110,55,111,23,11,204,128,1
../data/C_3_04.png,C,3,49,12,175,102,111,103,139,0
../data/C_3_10.png,C,3,73,27,113,33,19,135,49,1
../data/C_3_38.png,C,3,23,12,196,26,25,162,110,0
../data/L_2_111.png,L,2,34,11,161,25,8,188,26,0
../data/!_2_05.png,!,2,27,16,179,100,27,113,51,0
../data/!_2_11.png,!,2,63,40,116,34,13,159,46,1
../data/L_2_105.png,L,2,93,38,120,103,68,105,94,1
../data/I_2_47.png,I,2,93,48,117,45,3,203,104,1
../data/H_2_53.png,H,2,94,76,108,30,6,203,45,1
../data/H_2_47.png,H,2,68,69,122,40,8,186,45,1
../data/4_2_16.png,4,2,74,36,133,97,63,102,92,1
../data/5_2_02.png,5,2,37,15,157,30,3,176,47,0
../data/J_2_14.png,J,2,82,25,113,80,6,138,83,1
../data/4_2_02.png,4,2,94,51,110,60,1,216,108,1
../data/J_2_28.png,J,2,98,57,90,21,24,209,80,1
../data/J_2_29.png,J,2,30,9,174,112,45,102,146,0
../data/J_2_15.png,J,2,12,10,122,23,16,190,39,0
../data/4_2_03.png,4,2,36,7,196,91,59,90,139,0
../data/J_2_01.png,J,2,0,0,0,65,38,129,26,0
../data/5_2_03.png,5,2,86,83,105,45,7,140,43,1
../data/H_2_46.png,H,2,98,6,178,30,3,204,127,1
../data/I_2_46.png,I,2,87,47,103,34,11,164,50,1
../data/H_2_52.png,H,2,85,24,118,23,11,218,68,1
../data/!_2_10.png,!,2,69,71,107,25,16,186,36,1
../data/L_2_104.png,L,2,81,49,124,30,7,195,101,1
../data/L_2_110.png,L,2,47,10,181,73,15,154,106,0
../data/!_2_04.png,!,2,30,14,176,105,94,98,153,0
../data/C_3_39.png,C,3,81,57,103,39,9,196,131,1
../data/C_3_11.png,C,3,110,12,124,117,54,90,47,1
../data/G_3_2.png,G,3,30,6,212,26,10,185,74,0
../data/C_3_05.png,C,3,55,46,99,60,14,147,117,1
../data/0_2_09.png,0,2,20,8,199,20,10,155,83,0
../data/1_2_09.png,1,2,9,30,146,15,13,161,58,0
../data/O_2_37.png,O,2,20,63,166,23,10,225,37,0
../data/0_2_21.png,0,2,45,29,104,20,20,196,106,0
../data/O_2_23.png,O,2,25,43,137,23,10,196,62,0
../data/D_2_08.png,D,2,74,35,96,39,32,134,58,1
../data/E_2_08.png,E,2,16,15,183,21,8,212,48,0
../data/E_2_20.png,E,2,79,28,102,27,18,145,109,1
../data/O_3_4.png,O,3,37,15,153,56,29,131,58,0
../data/D_2_20.png,D,2,76,70,120,86,97,103,69,1
../data/E_2_34.png,E,2,52,17,169,102,88,101,65,0
../data/I_3_06.png,I,3,17,20,177,19,11,192,86,0
../data/H_3_12.png,H,3,80,47,115,54,28,144,106,1
../data/H_3_06.png,H,3,75,26,99,30,9,142,94,1
../data/I_3_12.png,I,3,102,24,106,25,8,188,155,1
../data/T_2_39.png,T,2,30,13,179,69,35,73,68,0
../data/L_3_18.png,L,3,90,11,121,18,6,205,86,1
../data/T_2_05.png,T,2,23,6,161,86,66,108,39,0
../data/T_2_11.png,T,2,84,44,110,50,15,153,110,1
../data/question_2_1.png,?,2,34,36,100,24,28,138,99,0
../data/L_2_058.png,L,2,90,65,118,23,5,202,112,1
../data/U_2_039.png,U,2,22,14,198,16,24,159,85,0
../data/colon_2_10.png,:,2,19,10,209,45,3,186,70,0
../data/U_2_011.png,U,2,68,77,79,37,58,92,35,1
../data/A_2_16.png,A,2,90,45,131,23,10,206,32,1
../data/L_2_070.png,L,2,75,64,127,60,12,154,91,1
../data/L_2_064.png,L,2,34,12,175,80,3,233,31,0
../data/A_2_02.png,A,2,90,2,143,90,3,160,39,1
../data/Y_3_23.png,Y,3,35,14,194,101,60,102,112,0
../data/colon_2_04.png,:,2,35,39,123,25,29,191,51,0
../data/U_2_005.png,U,2,60,2,133,40,4,173,47,0
../data/L_2_003.png,L,2,70,29,106,26,22,165,53,1
../data/U_2_062.png,U,2,47,10,171,88,25,135,26,0
../data/V_2_19.png,V,2,19,32,178,100,34,111,38,0
../data/U_2_076.png,U,2,103,24,128,15,4,233,81,1
../data/L_2_017.png,L,2,23,29,147,30,24,125,53,0
../data/6_2_1.png,6,2,23,10,205,21,9,209,7,0
../data/U_2_089.png,U,2,69,23,157,109,108,90,85,1
../data/dot_2_05.png,.,2,26,10,198,27,16,163,28,0
../data/5_3_1.png,5,3,82,74,117,54,9,142,41,1
../data/F_2_14.png,F,2,74,61,138,66,34,148,23,1
../data/8_2_02.png,8,2,75,35,101,39,19,131,66,1
../data/8_2_16.png,8,2,99,14,125,102,45,101,133,1
../data/G_2_14.png,G,2,25,8,189,53,7,155,24,0
../data/9_2_02.png,9,2,83,27,86,43,26,119,59,1
../data/7_2_4.png,7,2,32,19,186,30,64,91,120,0
../data/E_2_84.png,E,2,42,22,151,104,55,107,49,0
../data/S_2_07.png,S,2,84,43,142,95,82,122,65,1
../data/S_2_13.png,S,2,30,19,165,43,21,147,54,0
../data/E_2_53.png,E,2,40,4,175,44,56,87,41,0
../data/E_2_47.png,E,2,21,19,174,20,20,152,119,0
../data/X_2_04.png,X,2,63,33,93,26,10,185,64,1
../data/O_2_78.png,O,2,23,10,203,30,10,159,114,0
../data/Y_2_10.png,Y,2,45,19,191,53,28,163,111,0
../data/Y_2_04.png,Y,2,25,26,164,83,20,102,45,0
../data/X_2_10.png,X,2,23,6,169,85,64,112,67,0
../data/O_2_44.png,O,2,25,14,202,18,19,159,55,0
../data/O_2_50.png,O,2,22,14,202,15,14,149,51,0
../data/Y_2_38.png,Y,2,92,59,86,69,34,151,103,1
../data/3_2_01.png,3,2,36,19,133,37,15,155,48,0
../data/M_2_17.png,M,2,105,55,84,23,11,213,48,1
../data/U_3_22.png,U,3,30,1,215,105,12,175,68,0
../data/M_2_03.png,M,2,20,7,227,25,25,171,12,0
../data/2_2_01.png,2,2,96,35,115,64,24,148,125,1
../data/3_2_15.png,3,2,91,82,100,72,48,143,159,1
../data/O_2_87.png,O,2,120,41,106,23,11,210,50,1
../data/O_2_93.png,O,2,19,19,106,23,5,218,55,0
../data/I_2_21.png,I,2,94,20,91,24,13,196,38,1
../data/H_2_35.png,H,2,103,42,85,54,9,139,29,1
../data/H_2_21.png,H,2,30,12,193,35,17,168,49,0
../data/I_2_35.png,I,2,30,11,170,35,41,80,101,0
../data/!_3_4.png,!,3,35,10,151,21,9,205,31,0
../data/H_2_09.png,H,2,20,7,205,120,8,158,24,0
../data/I_2_09.png,I,2,80,83,117,89,113,97,53,1
../data/E_3_07.png,E,3,30,22,154,41,26,136,66,0
../data/E_3_13.png,E,3,15,8,188,102,33,115,45,0
../data/J_2_66.png,J,2,26,20,194,34,34,126,49,0
../data/J_2_67.png,J,2,27,29,170,83,40,103,45,0
../data/E_3_12.png,E,3,30,15,183,71,49,110,64,0
../data/E_3_06.png,E,3,20,15,200,20,10,147,103,0
../data/I_2_08.png,I,2,32,29,139,48,35,110,35,0
../data/H_2_08.png,H,2,19,10,213,20,7,233,49,0
../data/P_3_01.png,P,3,19,15,190,115,43,71,77,0
../data/H_2_20.png,H,2,78,57,112,78,34,126,79,1
../data/!_3_5.png,!,3,36,23,112,25,35,139,116,0
../data/I_2_34.png,I,2,39,10,185,64,13,160,109,0
../data/I_2_20.png,I,2,18,48,182,18,29,201,42,0
../data/H_2_34.png,H,2,15,3,192,0,4,172,63,0
../data/O_2_92.png,O,2,21,21,197,69,64,107,65,0
../data/O_2_86.png,O,2,24,7,182,53,29,149,49,0
../data/M_2_02.png,M,2,63,42,134,3,31,163,53,1
../data/U_3_23.png,U,3,30,8,135,15,7,148,31,0
../data/3_2_14.png,3,2,90,20,139,15,2,211,78,1
../data/M_2_16.png,M,2,87,50,107,34,14,147,42,1
../data/2_2_14.png,2,2,16,17,196,113,25,92,86,0
../data/Y_2_39.png,Y,2,94,62,90,71,37,151,130,1
../data/O_2_51.png,O,2,21,23,181,120,9,110,40,0
../data/O_2_45.png,O,2,81,36,114,67,24,139,62,1
../data/Y_2_05.png,Y,2,95,50,103,65,21,136,112,1
../data/X_2_11.png,X,2,21,16,164,74,56,109,95,0
../data/X_2_05.png,X,2,81,63,105,30,1,204,172,1
../data/Y_2_11.png,Y,2,43,41,100,21,9,209,160,0
../data/O_2_79.png,O,2,19,15,187,20,11,214,36,0
../data/E_2_46.png,E,2,69,18,100,15,25,162,70,1
../data/E_2_52.png,E,2,98,8,133,23,9,216,75,1
../data/S_2_12.png,S,2,34,55,98,40,41,131,91,0
../data/S_2_06.png,S,2,25,14,197,27,16,160,56,0
../data/E_2_85.png,E,2,23,18,183,108,45,101,131,0
../data/7_2_5.png,7,2,45,27,168,62,48,143,69,0
../data/8_2_17.png,8,2,40,53,115,32,48,133,16,0
../data/F_2_01.png,F,2,32,68,132,30,31,175,30,0
../data/9_2_03.png,9,2,21,17,197,18,19,132,91,0
../data/F_2_15.png,F,2,96,21,119,50,10,146,73,1
../data/8_2_03.png,8,2,44,32,105,20,7,227,106,0
../data/G_2_01.png,G,2,90,36,107,30,19,190,112,1
../data/dot_2_04.png,.,2,24,41,166,23,45,154,17,0
../data/U_2_088.png,U,2,62,21,156,107,105,90,80,0
../data/U_2_077.png,U,2,19,15,188,19,10,212,35,0
../data/L_2_016.png,L,2,96,27,132,23,5,194,58,1
../data/L_2_002.png,L,2,108,43,107,75,7,153,81,1
../data/V_2_18.png,V,2,85,37,117,26,11,157,70,1
../data/U_2_063.png,U,2,26,10,171,40,4,201,88,0
../data/Z_2_2.png,Z,2,90,4,134,99,16,114,31,1
../data/L_2_028.png,L,2,30,6,169,71,19,145,53,0
../data/U_2_049.png,U,2,22,14,202,11,22,163,51,0
../data/L_2_014.png,L,2,30,15,165,26,18,210,53,0
../data/6_2_2.png,6,2,69,76,87,42,58,131,36,1
../data/U_2_075.png,U,2,42,6,199,112,87,109,95,0
../data/U_2_061.png,U,2,36,7,186,20,4,211,53,0
../data/5_3_2.png,5,3,94,77,113,80,51,141,169,1
../data/B_2_09.png,B,2,47,11,165,30,2,236,35,0
../data/dot_2_06.png,.,2,23,24,170,134,33,101,77,0
../data/9_2_01.png,9,2,21,9,188,106,70,87,225,0
../data/F_2_03.png,F,2,20,14,213,36,17,154,39,0
../data/8_2_15.png,8,2,99,60,123,25,7,211,71,1
../data/G_2_03.png,G,2,24,14,182,25,29,151,44,0
../data/8_2_01.png,8,2,74,64,96,53,5,199,140,1
../data/F_2_17.png,F,2,19,11,186,15,7,212,75,0
../data/E_2_87.png,E,2,26,10,212,30,7,233,91,0
../data/8_2_29.png,8,2,16,15,187,23,9,219,50,0
../data/7_2_7.png,7,2,71,18,112,23,14,162,90,1
../data/E_2_78.png,E,2,26,10,200,71,13,162,86,0
../data/S_2_10.png,S,2,73,54,99,57,44,128,98,1
../data/S_2_04.png,S,2,23,11,182,27,22,130,123,0
../data/E_2_44.png,E,2,83,36,121,40,4,189,70,1
../data/E_2_50.png,E,2,51,15,165,23,5,199,115,0
../data/X_2_13.png,X,2,25,8,189,75,16,94,78,0
../data/Y_2_07.png,Y,2,52,26,148,73,33,122,86,0
../data/Y_2_13.png,Y,2,125,33,100,15,11,232,186,1
../data/X_2_07.png,X,2,26,10,187,65,10,154,138,0
../data/O_2_53.png,O,2,21,26,193,126,36,113,81,0
../data/O_2_47.png,O,2,43,30,103,38,28,138,85,0
../data/3_2_16.png,3,2,89,66,112,80,35,132,66,1
../data/U_3_21.png,U,3,104,50,102,26,10,204,164,1
../data/2_2_02.png,2,2,102,11,114,20,7,212,44,1
../data/M_2_14.png,M,2,21,21,192,30,12,146,118,0
../data/3_2_02.png,3,2,60,6,185,50,12,131,33,0
../data/O_2_90.png,O,2,23,10,196,100,56,100,84,0
../data/U_3_09.png,U,3,74,32,118,30,5,196,76,1
../data/O_2_84.png,O,2,20,19,197,130,37,104,42,0
../data/I_2_36.png,I,2,35,19,149,20,10,225,62,0
../data/H_2_22.png,H,2,21,9,195,24,6,225,40,0
../data/P_3_03.png,P,3,92,61,113,68,25,156,129,1
../data/H_2_36.png,H,2,79,35,116,41,20,141,30,1
../data/I_2_22.png,I,2,30,6,203,75,26,155,75,0
../data/E_3_10.png,E,3,99,94,103,76,23,146,129,1
../data/J_2_59.png,J,2,23,5,193,30,2,234,63,0
../data/E_3_04.png,E,3,74,85,105,30,2,211,54,1
../data/J_2_65.png,J,2,81,30,119,23,5,204,58,1
../data/J_2_64.png,J,2,30,7,195,30,8,166,76,0
../data/J_2_70.png,J,2,45,6,175,72,39,112,103,0
../data/J_2_58.png,J,2,42,7,178,40,3,221,41,0
../data/E_3_05.png,E,3,30,37,104,20,12,199,93,0
../data/E_3_11.png,E,3,80,8,181,30,3,219,91,1
../data/U_2_100.png,U,2,120,12,133,27,12,199,70,1
../data/H_2_37.png,H,2,83,49,105,38,7,142,48,1
../data/I_2_23.png,I,2,25,8,204,71,34,148,73,0
../data/I_2_37.png,I,2,73,14,129,30,9,148,70,1
../data/P_3_02.png,P,3,76,66,108,68,46,123,38,1
../data/H_2_23.png,H,2,30,4,204,17,27,151,39,0
../data/O_2_85.png,O,2,20,13,120,25,8,199,47,0
../data/U_3_08.png,U,3,91,61,121,82,39,143,140,1
../data/O_2_91.png,O,2,110,18,127,40,3,234,59,1
../data/M_2_15.png,M,2,67,40,139,21,13,204,43,1
../data/3_2_03.png,3,2,48,10,125,40,5,170,33,0
../data/3_2_17.png,3,2,91,69,104,75,7,141,60,1
../data/2_2_03.png,2,2,85,67,115,71,14,144,59,1
../data/M_2_01.png,M,2,26,9,195,103,29,106,67,0
../data/U_3_20.png,U,3,78,25,130,53,20,154,29,1
../data/O_2_46.png,O,2,80,20,117,45,4,141,87,1
../data/O_2_52.png,O,2,83,34,97,22,19,149,28,1
../data/Y_2_12.png,Y,2,100,104,96,38,5,214,86,1
../data/X_2_06.png,X,2,90,22,114,45,11,144,106,1
../data/X_2_12.png,X,2,92,67,106,75,3,201,130,1
../data/Y_2_06.png,Y,2,39,14,177,105,96,93,198,0
../data/E_2_51.png,E,2,24,22,171,90,34,91,24,0
../data/E_2_45.png,E,2,50,24,94,23,5,199,152,0
../data/S_2_05.png,S,2,81,26,100,28,22,150,94,1
../data/S_2_11.png,S,2,94,35,103,53,18,130,87,1
../data/E_2_79.png,E,2,47,9,196,56,26,160,125,0
../data/7_2_6.png,7,2,23,12,175,96,31,125,52,0
../data/8_2_28.png,8,2,90,50,101,74,39,136,135,1
../data/E_2_86.png,E,2,17,9,190,96,11,113,102,0
../data/G_2_02.png,G,2,90,34,106,23,11,217,113,1
../data/F_2_16.png,F,2,15,18,201,23,34,152,82,0
../data/F_2_02.png,F,2,60,10,155,72,7,174,44,0
../data/8_2_14.png,8,2,82,51,109,25,18,170,76,1
../data/dot_2_07.png,.,2,75,41,99,53,39,137,38,1
../data/B_2_08.png,B,2,23,11,204,30,11,165,105,0
../data/U_2_060.png,U,2,28,45,107,23,5,217,62,0
../data/L_2_001.png,L,2,84,37,96,78,21,122,32,1
../data/6_2_3.png,6,2,91,60,123,98,88,113,38,1
../data/L_2_015.png,L,2,56,28,145,30,9,194,72,0
../data/U_2_074.png,U,2,96,47,113,15,2,223,29,1
../data/L_2_029.png,L,2,26,25,173,88,40,95,39,0
../data/Z_2_1.png,Z,2,70,95,115,20,14,222,56,1
../data/U_2_048.png,U,2,86,55,97,55,12,130,50,1
../data/U_2_070.png,U,2,22,15,188,25,61,92,68,0
../data/L_2_011.png,L,2,83,29,113,42,9,146,56,1
../data/L_2_005.png,L,2,21,16,204,30,22,159,51,0
../data/U_2_064.png,U,2,30,4,196,81,11,160,81,0
../data/L_2_039.png,L,2,26,11,184,30,18,156,98,0
../data/U_2_058.png,U,2,83,64,100,38,5,190,31,1
../data/V_2_23.png,V,2,27,15,182,25,28,154,87,0
../data/dot_2_03.png,.,2,23,32,169,23,15,200,16,0
../data/E_2_82.png,E,2,89,100,102,36,6,217,20,1
../data/8_2_38.png,8,2,26,11,182,53,7,144,97,0
../data/7_2_2.png,7,2,92,31,130,24,6,211,94,1
../data/8_2_10.png,8,2,96,65,130,24,7,194,86,1
../data/G_2_12.png,G,2,20,8,187,112,22,125,54,0
../data/9_2_04.png,9,2,26,11,159,90,47,98,76,0
../data/F_2_06.png,F,2,0,0,106,9,31,142,111,0
../data/F_2_12.png,F,2,86,38,108,35,19,149,89,1
../data/9_2_10.png,9,2,67,52,84,25,50,147,28,1
../data/G_2_06.png,G,2,56,32,126,42,23,142,75,0
../data/8_2_04.png,8,2,111,18,99,19,17,207,107,1
../data/E_2_41.png,E,2,98,9,117,20,12,198,67,1
../data/J_3_08.png,J,3,93,60,111,35,9,172,127,1
../data/E_2_55.png,E,2,109,35,80,21,8,215,119,1
../data/4_3_2.png,4,3,92,46,83,30,4,203,41,1
../data/S_2_15.png,S,2,0,0,0,62,35,124,28,0
../data/S_2_01.png,S,2,84,14,94,0,2,131,29,1
../data/E_2_69.png,E,2,18,21,182,18,30,146,50,0
../data/O_2_56.png,O,2,19,24,198,20,21,179,77,0
../data/O_2_42.png,O,2,23,16,194,18,17,151,60,0
../data/Y_2_02.png,Y,2,47,9,204,73,18,130,25,0
../data/X_2_16.png,X,2,49,66,108,43,58,131,118,1
../data/X_2_02.png,X,2,101,39,104,35,18,189,111,1
../data/Y_2_16.png,Y,2,23,10,212,107,58,102,61,0
../data/U_3_18.png,U,3,32,39,118,31,62,87,55,0
../data/O_2_81.png,O,2,98,33,85,23,10,206,58,1
../data/M_2_05.png,M,2,19,15,185,19,9,227,55,0
../data/2_2_07.png,2,2,36,7,173,56,37,138,73,0
../data/3_2_13.png,3,2,63,37,132,24,7,195,72,1
../data/3_2_07.png,3,2,80,29,105,16,41,187,66,1
../data/2_2_13.png,2,2,31,57,99,39,42,127,84,0
../data/M_2_11.png,M,2,33,12,189,106,62,94,195,0
../data/H_2_27.png,H,2,25,8,189,30,6,227,98,0
../data/P_3_06.png,P,3,23,19,162,82,59,100,51,0
../data/!_3_2.png,!,3,25,41,161,19,13,214,47,0
../data/I_2_33.png,I,2,23,6,182,101,23,123,44,0
../data/I_2_27.png,I,2,128,9,111,23,10,232,56,1
../data/H_2_33.png,H,2,69,51,115,36,8,151,52,1
../data/R_2_3.png,R,2,68,83,114,82,91,90,38,1
../data/J_2_60.png,J,2,23,5,205,64,12,155,89,0
../data/J_2_48.png,J,2,60,4,130,23,11,201,96,0
../data/E_3_15.png,E,3,70,20,117,23,12,197,52,1
../data/E_3_01.png,E,3,74,42,127,30,11,158,73,1
../data/Q_3_2.png,Q,3,74,74,93,64,49,125,68,1
../data/J_2_49.png,J,2,74,57,111,40,26,145,132,1
../data/E_3_14.png,E,3,90,45,114,83,7,142,70,1
../data/J_2_61.png,J,2,30,6,182,70,16,148,81,0
../data/N_2_1.png,N,2,68,64,80,31,53,105,51,1
../data/I_2_26.png,I,2,128,9,113,23,9,230,57,1
../data/R_2_2.png,R,2,23,24,183,173,9,110,24,0
../data/H_2_32.png,H,2,105,76,130,23,10,205,70,1
../data/P_3_07.png,P,3,26,11,189,103,46,77,78,0
../data/H_2_26.png,H,2,30,4,191,16,66,93,53,0
../data/I_2_32.png,I,2,16,18,182,73,49,93,78,0
../data/!_3_3.png,!,3,66,63,113,56,43,130,51,1
../data/3_2_06.png,3,2,23,16,188,102,66,97,48,0
../data/M_2_10.png,M,2,92,42,79,53,17,121,37,1
../data/2_2_12.png,2,2,83,70,117,60,9,142,57,1
../data/2_2_06.png,2,2,68,74,110,65,52,123,55,1
../data/M_2_04.png,M,2,54,12,108,42,18,139,58,0
../data/3_2_12.png,3,2,26,9,196,87,19,124,65,0
../data/O_2_80.png,O,2,18,23,190,18,12,212,52,0
../data/O_2_94.png,O,2,68,16,129,87,27,103,71,1
../data/U_3_19.png,U,3,84,63,102,63,37,131,99,1
../data/X_2_03.png,X,2,74,42,116,73,13,141,60,1
../data/Y_2_17.png,Y,2,30,5,213,105,79,110,43,0
../data/Y_2_03.png,Y,2,91,56,100,80,48,117,37,1
../data/X_2_17.png,X,2,123,29,105,21,16,202,74,1
../data/O_2_43.png,O,2,23,15,198,19,9,230,63,0
../data/O_2_57.png,O,2,42,8,165,103,66,89,62,0
../data/E_2_68.png,E,2,84,21,119,30,4,197,72,1
../data/S_2_14.png,S,2,23,5,205,45,10,154,72,0
../data/4_3_3.png,4,3,92,43,83,30,5,203,57,1
../data/E_2_54.png,E,2,101,33,122,80,5,155,84,1
../data/E_2_40.png,E,2,51,20,88,23,9,220,46,0
../data/9_2_11.png,9,2,98,18,115,18,31,179,52,1
../data/F_2_13.png,F,2,23,11,186,165,3,150,21,0
../data/8_2_05.png,8,2,52,23,165,27,10,222,78,0
../data/G_2_07.png,G,2,83,40,103,36,14,184,65,1
../data/G_2_13.png,G,2,101,55,144,23,5,209,64,1
../data/8_2_11.png,8,2,90,36,112,60,10,148,84,1
../data/F_2_07.png,F,2,42,7,175,68,7,144,80,0
../data/9_2_05.png,9,2,45,5,201,69,44,152,102,0
../data/7_2_3.png,7,2,84,35,108,53,29,147,123,1
../data/8_2_39.png,8,2,75,35,102,38,21,131,54,1
../data/E_2_83.png,E,2,83,99,103,27,13,201,20,1
../data/dot_2_02.png,.,2,48,11,116,21,37,200,40,0
../data/L_2_038.png,L,2,26,24,151,94,23,89,31,0
../data/V_2_22.png,V,2,20,29,178,94,32,110,37,0
../data/U_2_059.png,U,2,30,2,214,116,57,89,68,0
../data/L_2_004.png,L,2,31,50,117,83,11,209,35,0
../data/U_2_065.png,U,2,97,34,98,30,8,218,31,1
../data/U_2_071.png,U,2,30,4,195,60,3,167,117,0
../data/L_2_010.png,L,2,20,7,214,48,17,175,58,0
../data/6_2_6.png,6,2,19,25,175,15,36,141,70,0
../data/U_2_067.png,U,2,69,21,119,24,13,192,52,1
../data/L_2_006.png,L,2,89,64,119,74,35,151,145,1
../data/W_2_08.png,W,2,32,29,115,24,6,209,101,0
../data/6_2_4.png,6,2,91,47,119,72,29,149,133,1
../data/L_2_012.png,L,2,96,74,111,77,47,140,117,1
../data/U_2_073.png,U,2,20,41,94,30,10,155,86,0
../data/V_2_08.png,V,2,81,74,117,63,15,151,74,1
../data/V_2_20.png,V,2,90,28,109,23,21,161,43,1
../data/U_2_098.png,U,2,23,13,183,28,24,148,59,0
../data/7_2_1.png,7,2,40,7,206,56,24,160,87,0
../data/E_2_81.png,E,2,54,7,184,34,42,85,152,0
../data/G_2_05.png,G,2,18,17,193,24,6,230,43,0
../data/8_2_07.png,8,2,97,95,102,60,1,211,55,1
../data/F_2_11.png,F,2,79,36,148,68,24,160,28,1
../data/9_2_07.png,9,2,77,76,101,50,49,134,127,1
../data/F_2_05.png,F,2,69,49,109,25,39,144,56,1
../data/8_2_13.png,8,2,25,20,141,83,52,89,52,0
../data/G_2_11.png,G,2,30,8,156,109,65,83,90,0
../data/E_2_56.png,E,2,17,9,193,97,73,125,78,0
../data/4_3_1.png,4,3,26,10,198,111,52,84,137,0
../data/E_2_42.png,E,2,81,25,133,60,2,217,45,1
../data/S_2_02.png,S,2,84,91,95,64,59,129,44,1
../data/S_2_16.png,S,2,74,33,84,46,28,119,71,1
../data/Y_2_29.png,Y,2,42,14,178,102,97,89,169,0
../data/O_2_41.png,O,2,20,12,193,5,27,162,64,0
../data/O_2_55.png,O,2,19,29,191,126,23,113,87,0
../data/Y_2_15.png,Y,2,73,74,103,55,60,127,82,1
../data/X_2_01.png,X,2,101,41,99,54,25,144,106,1
../data/X_2_15.png,X,2,38,16,131,71,21,99,92,0
../data/Y_2_01.png,Y,2,34,9,198,68,21,131,39,0
../data/O_2_69.png,O,2,49,16,179,30,5,201,78,0
../data/O_2_82.png,O,2,20,24,195,90,50,82,71,0
../data/2_2_10.png,2,2,60,27,125,35,9,178,69,0
../data/M_2_12.png,M,2,96,54,95,66,30,120,155,1
../data/3_2_04.png,3,2,48,7,175,53,16,124,19,0
../data/3_2_10.png,3,2,100,51,110,60,9,145,72,1
../data/M_2_06.png,M,2,21,13,196,90,2,148,36,0
../data/2_2_04.png,2,2,20,22,103,40,4,210,46,0
../data/I_2_18.png,I,2,25,17,89,20,8,195,34,0
../data/H_2_18.png,H,2,66,47,103,28,20,196,26,1
../data/H_2_30.png,H,2,21,14,185,16,41,150,99,0
../data/I_2_24.png,I,2,24,35,102,20,8,190,127,0
../data/!_3_1.png,!,3,60,4,188,100,123,108,210,0
../data/I_2_30.png,I,2,92,48,75,36,18,139,28,1
../data/H_2_24.png,H,2,89,76,114,73,25,144,36,1
../data/P_3_05.png,P,3,86,44,117,64,26,147,80,1
../data/J_2_63.png,J,2,26,21,193,90,58,83,55,0
../data/N_2_3.png,N,2,71,55,126,66,35,138,62,1
../data/E_3_02.png,E,3,46,45,136,43,38,80,103,0
../data/E_3_16.png,E,3,15,21,192,7,50,167,55,0
../data/E_3_17.png,E,3,40,4,199,58,19,161,108,0
../data/Q_3_1.png,Q,3,73,65,98,30,37,131,62,1
../data/E_3_03.png,E,3,80,61,108,49,25,144,83,1
../data/N_2_2.png,N,2,89,76,124,81,42,145,107,1
../data/J_2_62.png,J,2,70,58,105,23,23,198,41,1
../data/I_2_31.png,I,2,61,49,114,17,25,181,83,1
../data/P_3_04.png,P,3,70,68,108,36,13,193,145,1
../data/H_2_25.png,H,2,24,7,187,24,8,161,77,0
../data/R_2_1.png,R,2,99,18,144,21,12,211,44,1
../data/H_2_31.png,H,2,98,20,137,25,9,167,69,1
../data/I_2_25.png,I,2,22,46,106,20,8,192,102,0
../data/H_2_19.png,H,2,39,33,108,19,14,205,99,0
../data/I_2_19.png,I,2,21,18,182,16,40,147,52,0
../data/3_2_11.png,3,2,55,25,122,33,16,173,54,0
../data/2_2_05.png,2,2,18,58,146,56,22,81,36,0
../data/M_2_07.png,M,2,107,18,99,12,22,153,65,1
../data/M_2_13.png,M,2,20,20,193,21,44,162,144,0
../data/2_2_11.png,2,2,17,17,206,116,24,86,55,0
../data/3_2_05.png,3,2,35,8,187,96,100,97,175,0
../data/O_2_83.png,O,2,19,19,191,19,13,216,54,0
../data/X_2_14.png,X,2,87,49,119,69,18,140,52,1
../data/O_2_68.png,O,2,73,40,89,26,31,116,55,1
../data/Y_2_14.png,Y,2,23,5,192,90,3,157,100,0
../data/O_2_54.png,O,2,20,30,195,7,53,149,71,0
../data/O_2_40.png,O,2,75,64,112,73,22,141,77,1
../data/Y_2_28.png,Y,2,15,12,216,118,86,98,74,0
../data/S_2_17.png,S,2,11,32,112,20,7,212,70,0
../data/S_2_03.png,S,2,25,20,163,36,7,193,70,0
../data/E_2_43.png,E,2,24,6,209,53,14,151,86,0
../data/E_2_57.png,E,2,114,90,91,13,14,222,71,1
../data/F_2_04.png,F,2,77,39,104,30,16,144,90,1
../data/9_2_06.png,9,2,67,46,117,60,27,130,50,1
../data/G_2_10.png,G,2,36,26,97,67,16,148,128,0
../data/8_2_12.png,8,2,80,69,104,43,26,138,56,1
../data/8_2_06.png,8,2,25,9,179,90,2,139,115,0
../data/G_2_04.png,G,2,103,13,134,30,11,209,67,1
../data/9_2_12.png,9,2,15,17,184,25,7,216,84,0
../data/F_2_10.png,F,2,30,13,171,96,37,104,63,0
../data/D_3_1.png,D,3,24,8,167,110,15,104,59,0
../data/E_2_80.png,E,2,40,4,203,60,19,161,109,0
../data/U_2_099.png,U,2,19,23,181,23,15,139,41,0
../data/dot_2_01.png,.,2,30,6,200,38,6,173,37,0
../data/V_2_21.png,V,2,100,27,115,20,18,166,41,1
../data/L_2_013.png,L,2,84,50,97,39,23,146,39,1
../data/6_2_5.png,6,2,71,84,103,54,49,136,109,1
../data/V_2_09.png,V,2,25,7,224,35,8,184,47,0
../data/U_2_072.png,U,2,51,21,159,101,105,100,107,0
../data/U_2_066.png,U,2,19,11,183,18,29,152,162,0
../data/W_2_09.png,W,2,90,1,206,90,9,169,74,1
../data/L_2_007.png,L,2,92,60,124,85,30,144,65,1
../data/V_2_04.png,V,2,91,52,113,83,23,135,29,1
../data/V_2_10.png,V,2,22,16,172,84,25,102,83,0
../data/W_2_04.png,W,2,100,43,130,73,11,161,119,1
../data/L_2_022.png,L,2,46,33,148,29,29,176,43,0
../data/U_2_043.png,U,2,38,61,126,26,19,188,47,0
../data/U_2_057.png,U,2,85,59,99,40,4,189,33,1
../data/L_2_036.png,L,2,19,11,182,94,28,126,52,0
../data/T_3_1.png,T,3,99,24,107,43,21,147,82,1
../data/B_2_03.png,B,2,60,12,126,54,9,147,29,0
../data/U_2_080.png,U,2,84,46,111,54,18,143,44,1
../data/U_2_094.png,U,2,95,84,109,40,4,197,159,1
../data/T_2_43.png,T,2,99,40,120,23,11,216,28,1
../data/K_2_2.png,K,2,86,27,131,30,4,196,57,1
../data/8_2_23.png,8,2,60,4,128,23,16,192,68,0
../data/8_2_37.png,8,2,19,18,200,108,49,89,53,0
../data/F_2_21.png,F,2,65,43,113,45,3,155,46,1
../data/F_2_09.png,F,2,60,20,102,24,27,141,104,0
../data/G_2_09.png,G,2,25,26,176,99,44,98,144,0
../data/J_3_07.png,J,3,21,64,164,52,37,75,47,0
../data/E_2_72.png,E,2,90,40,121,22,14,196,113,1
../data/E_2_66.png,E,2,98,51,135,18,6,211,89,1
../data/X_2_25.png,X,2,95,90,108,75,44,139,114,1
../data/Y_2_31.png,Y,2,35,10,151,45,39,79,129,0
../data/O_2_59.png,O,2,38,6,169,70,10,149,69,0
../data/Y_2_25.png,Y,2,14,17,220,118,87,91,142,0
../data/X_2_19.png,X,2,81,41,99,26,26,167,42,1
../data/O_2_65.png,O,2,21,13,193,17,26,156,93,0
../data/Y_2_19.png,Y,2,30,42,158,45,51,109,29,0
../data/O_2_71.png,O,2,80,7,110,21,13,196,70,1
../data/A_3_1.png,A,3,86,60,115,65,22,141,72,1
../data/3_2_20.png,3,2,88,85,102,30,6,200,48,1
../data/U_3_17.png,U,3,30,1,183,30,10,157,87,0
../data/U_3_03.png,U,3,97,62,111,19,10,208,91,1
../data/C_3_43.png,C,3,92,58,83,49,25,142,55,1
../data/2_2_08.png,2,2,24,48,100,23,5,222,34,0
../data/3_2_08.png,3,2,53,25,171,99,89,100,22,0
../data/H_2_14.png,H,2,95,79,123,83,30,153,62,1
../data/I_2_14.png,I,2,30,7,190,24,33,108,40,0
../data/H_2_28.png,H,2,20,29,185,21,38,162,27,0
../data/P_3_09.png,P,3,25,19,160,43,14,131,88,0
../data/I_2_28.png,I,2,45,6,158,41,50,82,57,0
../data/J_2_47.png,J,2,68,19,146,88,26,128,20,1
../data/J_2_53.png,J,2,97,73,108,70,25,151,148,1
../data/0_3_5.png,0,3,94,64,107,79,52,123,51,1
../data/0_3_4.png,0,3,67,66,112,54,38,134,36,1
../data/J_2_52.png,J,2,84,47,81,32,32,128,79,1
../data/J_2_46.png,J,2,42,6,208,61,35,166,66,0
../data/I_2_29.png,I,2,23,17,176,70,15,103,97,0
../data/P_3_08.png,P,3,57,53,97,27,36,141,69,1
../data/H_2_29.png,H,2,20,32,178,21,25,193,31,0
../data/H_2_01.png,H,2,101,39,104,30,8,217,98,1
../data/I_2_15.png,I,2,60,11,112,32,22,150,37,0
../data/I_2_01.png,I,2,30,17,104,23,18,131,139,0
../data/H_2_15.png,H,2,30,8,191,70,10,148,139,0
../data/3_2_09.png,3,2,15,3,201,109,69,104,66,0
../data/2_2_09.png,2,2,25,8,202,16,84,106,36,0
../data/C_3_42.png,C,3,30,11,164,100,48,95,78,0
../data/U_3_02.png,U,3,111,98,91,18,16,210,143,1
../data/U_3_16.png,U,3,38,11,184,115,46,121,72,0
../data/O_2_70.png,O,2,22,28,199,24,36,171,50,0
../data/Y_2_18.png,Y,2,23,6,173,70,5,143,90,0
../data/colon_3_1.png,:,3,30,10,184,48,9,142,52,0
../data/X_2_18.png,X,2,95,12,125,24,12,208,74,1
../data/O_2_64.png,O,2,18,13,203,116,51,105,44,0
../data/Y_2_24.png,Y,2,98,44,116,45,9,162,87,1
../data/X_2_24.png,X,2,107,18,126,26,9,209,53,1
../data/O_2_58.png,O,2,25,15,199,113,49,89,50,0
../data/Y_2_30.png,Y,2,76,42,103,33,18,143,69,1
../data/E_2_67.png,E,2,38,6,174,80,5,154,52,0
../data/E_2_73.png,E,2,30,7,196,107,82,103,55,0
../data/J_3_06.png,J,3,49,23,124,25,20,153,63,0
../data/G_2_08.png,G,2,49,42,86,19,14,202,66,0
../data/F_2_08.png,F,2,30,17,169,63,22,115,44,0
../data/8_2_36.png,8,2,104,37,103,23,10,203,76,1
../data/F_2_20.png,F,2,26,21,179,103,41,75,49,0
../data/8_2_22.png,8,2,58,27,125,74,36,106,49,0
../data/T_2_42.png,T,2,76,55,116,69,27,134,46,1
../data/U_2_095.png,U,2,33,19,136,83,40,103,38,0
../data/K_2_3.png,K,2,22,17,163,22,15,181,113,0
../data/U_2_081.png,U,2,73,57,111,17,50,143,23,1
../data/B_2_02.png,B,2,27,16,158,43,8,234,40,0
../data/U_2_056.png,U,2,81,59,103,53,24,137,37,1
../data/L_2_037.png,L,2,88,45,107,70,29,134,62,1
../data/L_2_023.png,L,2,87,18,143,30,7,215,78,1
../data/U_2_042.png,U,2,86,35,110,55,23,131,97,1
../data/V_2_11.png,V,2,150,4,139,120,17,122,62,1
../data/W_2_05.png,W,2,71,83,114,46,40,139,44,1
../data/V_2_05.png,V,2,97,34,137,17,11,213,146,1
../data/L_2_009.png,L,2,72,10,123,30,13,156,62,1
../data/W_2_07.png,W,2,27,13,191,92,39,85,27,0
../data/U_2_068.png,U,2,104,42,103,42,8,164,39,1
../data/V_2_13.png,V,2,94,32,126,18,6,214,124,1
../data/V_2_07.png,V,2,96,27,150,45,2,211,101,1
../data/L_2_035.png,L,2,20,9,170,23,5,196,84,0
../data/U_2_054.png,U,2,30,8,135,12,9,149,27,0
../data/U_2_040.png,U,2,30,6,172,103,40,122,78,0
../data/L_2_021.png,L,2,30,30,109,28,33,141,62,0
../data/B_2_14.png,B,2,27,14,164,88,66,101,97,0
../data/T_3_2.png,T,3,69,43,83,60,26,129,152,1
../data/K_2_1.png,K,2,21,22,182,32,36,136,103,0
../data/T_2_40.png,T,2,94,44,98,82,20,137,68,1
../data/U_2_097.png,U,2,100,54,119,70,20,153,112,1
../data/U_2_083.png,U,2,130,7,106,110,63,85,37,1
../data/F_2_22.png,F,2,20,4,198,74,17,164,81,0
../data/8_2_34.png,8,2,23,12,169,78,53,110,93,0
../data/8_2_20.png,8,2,25,9,173,23,4,227,36,0
../data/8_2_08.png,8,2,91,50,108,45,3,192,179,1
../data/9_2_08.png,9,2,97,77,116,81,35,140,88,1
../data/J_3_04.png,J,3,82,25,113,80,6,138,86,1
../data/E_2_59.png,E,2,8,24,193,4,44,179,94,0
../data/E_2_65.png,E,2,23,44,104,24,22,162,77,0
../data/E_2_71.png,E,2,30,7,194,60,2,152,54,0
../data/Y_2_26.png,Y,2,42,7,184,76,20,143,26,0
../data/Y_2_32.png,Y,2,19,10,197,8,6,167,30,0
../data/O_2_72.png,O,2,99,36,112,70,16,147,63,1
../data/A_3_2.png,A,3,60,32,72,34,70,120,18,1
../data/O_2_66.png,O,2,21,24,198,10,20,156,46,0
../data/U_3_14.png,U,3,84,42,84,52,41,118,48,1
../data/C_3_40.png,C,3,77,41,113,90,67,88,70,1
../data/M_2_09.png,M,2,68,17,123,43,13,142,129,1
../data/I_2_17.png,I,2,79,40,102,28,34,144,47,1
../data/H_2_03.png,H,2,66,40,90,46,20,141,165,1
../data/H_2_17.png,H,2,75,60,110,51,29,140,85,1
../data/I_2_03.png,I,2,21,14,181,23,27,152,111,0
../data/J_2_50.png,J,2,30,39,119,27,29,174,52,0
../data/0_3_6.png,0,3,40,5,148,30,8,160,42,0
../data/J_2_44.png,J,2,30,2,214,104,93,90,72,0
../data/E_3_19.png,E,3,99,94,103,77,24,146,119,1
../data/J_2_45.png,J,2,15,6,169,98,75,109,71,0
../data/E_3_18.png,E,3,98,22,127,38,5,202,59,1
../data/J_2_51.png,J,2,81,16,112,19,16,223,65,1
../data/H_2_16.png,H,2,21,35,168,45,5,108,73,0
../data/I_2_02.png,I,2,64,15,138,56,12,155,28,0
../data/I_2_16.png,I,2,49,40,120,33,38,154,19,0
../data/H_2_02.png,H,2,53,27,85,35,24,139,154,0
../data/M_2_08.png,M,2,30,9,188,21,53,92,62,0
../data/C_3_41.png,C,3,74,40,128,25,8,182,69,1
../data/U_3_15.png,U,3,19,20,176,20,20,154,67,0
../data/U_3_01.png,U,3,86,21,85,96,11,111,23,1
../data/O_2_67.png,O,2,93,18,125,27,14,195,75,1
../data/colon_3_2.png,:,3,17,45,160,34,20,88,39,0
../data/O_2_73.png,O,2,28,22,174,103,21,107,41,0
../data/Y_2_33.png,Y,2,100,76,101,70,27,140,150,1
../data/Y_2_27.png,Y,2,112,111,92,13,8,234,27,1
../data/E_2_70.png,E,2,23,5,195,30,3,155,83,0
../data/S_2_18.png,S,2,50,69,74,46,66,97,55,1
../data/E_2_64.png,E,2,26,10,203,103,32,112,106,0
../data/J_3_05.png,J,3,76,33,101,21,25,197,94,1
../data/E_2_58.png,E,2,96,9,145,48,6,218,70,1
../data/9_2_09.png,9,2,75,27,115,28,21,198,126,1
../data/8_2_09.png,8,2,54,14,185,70,38,146,111,0
../data/8_2_21.png,8,2,74,25,112,30,14,127,105,1
../data/F_2_23.png,F,2,60,1,195,108,98,114,27,0
../data/8_2_35.png,8,2,94,17,120,20,7,215,100,1
../data/8_3_1.png,8,3,57,49,134,33,39,143,25,1
../data/U_2_082.png,U,2,25,9,175,100,22,106,69,0
../data/U_2_096.png,U,2,94,129,93,45,3,202,80,1
../data/T_2_41.png,T,2,23,21,204,24,38,182,55,0
../data/B_2_01.png,B,2,21,17,190,21,29,152,89,0
../data/T_3_3.png,T,3,30,13,190,53,13,156,119,0
../data/B_2_15.png,B,2,70,30,127,40,10,154,79,1
../data/U_2_041.png,U,2,21,20,169,72,23,111,40,0
../data/L_2_020.png,L,2,48,23,109,33,21,149,52,0
../data/L_2_034.png,L,2,18,17,196,85,13,118,81,0
../data/U_2_055.png,U,2,81,70,99,52,28,139,35,1
../data/V_2_06.png,V,2,60,4,196,45,2,226,157,0
../data/W_2_06.png,W,2,20,8,202,71,13,160,70,0
../data/L_2_008.png,L,2,33,12,184,45,10,160,94,0
../data/V_2_12.png,V,2,86,41,132,69,22,160,121,1
../data/U_2_069.png,U,2,25,16,202,27,43,166,65,0
../data/U_2_051.png,U,2,60,30,92,28,24,126,32,1
../data/L_2_030.png,L,2,81,29,113,35,9,164,93,1
../data/L_2_024.png,L,2,39,42,115,26,9,194,157,0
../data/U_2_045.png,U,2,75,53,116,63,24,130,43,1
../data/V_2_16.png,V,2,92,56,119,80,11,142,72,1
../data/W_2_02.png,W,2,25,8,190,27,14,160,110,0
../data/L_2_018.png,L,2,34,9,190,51,16,159,110,0
../data/U_2_079.png,U,2,72,34,129,23,14,160,62,1
../data/V_2_02.png,V,2,65,10,146,66,7,184,65,0
../data/T_2_45.png,T,2,45,7,207,72,29,156,53,0
../data/U_2_092.png,U,2,77,39,125,38,6,182,66,1
../data/K_2_4.png,K,2,57,53,92,25,15,188,84,1
../data/U_2_086.png,U,2,21,27,177,71,44,109,88,0
../data/B_2_11.png,B,2,21,9,207,107,42,109,77,0
../data/T_3_7.png,T,3,101,80,102,68,25,151,159,1
../data/B_2_05.png,B,2,30,4,174,20,6,124,20,0
../data/8_2_19.png,8,2,20,38,186,20,37,164,78,0
../data/8_2_31.png,8,2,78,29,114,104,57,89,169,1
../data/8_2_25.png,8,2,93,34,82,24,18,207,81,1
../data/E_2_60.png,E,2,63,45,114,40,4,178,87,1
../data/S_2_08.png,S,2,58,41,118,50,29,133,56,1
../data/E_2_74.png,E,2,35,79,119,25,7,205,61,1
../data/J_3_01.png,J,3,38,16,190,60,16,148,83,0
../data/E_2_48.png,E,2,30,4,202,63,16,164,53,0
../data/O_2_77.png,O,2,73,38,141,57,16,160,59,1
../data/O_2_63.png,O,2,95,14,109,26,9,201,63,1
../data/Y_2_23.png,Y,2,30,2,212,80,4,197,49,0
../data/X_2_23.png,X,2,43,24,168,38,5,226,27,0
../data/Y_2_37.png,Y,2,86,64,115,45,2,205,135,1
../data/M_2_18.png,M,2,54,7,184,70,19,159,90,0
../data/O_2_88.png,O,2,75,51,100,20,19,204,17,1
../data/U_3_05.png,U,3,37,19,174,105,79,97,159,0
../data/U_3_11.png,U,3,70,20,117,25,25,195,99,1
../data/H_2_06.png,H,2,69,36,120,54,19,135,66,1
../data/I_2_12.png,I,2,85,35,96,47,13,136,59,1
../data/I_2_06.png,I,2,63,57,117,19,32,200,46,1
../data/H_2_12.png,H,2,23,13,183,42,8,151,43,0
../data/0_3_3.png,0,3,69,34,120,13,30,154,84,1
../data/J_2_55.png,J,2,48,7,189,63,16,163,84,0
../data/E_3_08.png,E,3,82,70,105,70,11,144,47,1
../data/J_2_41.png,J,2,30,8,196,23,5,225,100,0
../data/J_2_69.png,J,2,28,49,94,32,32,145,52,0
../data/E_3_20.png,E,3,13,21,192,7,50,167,50,0
../data/E_3_21.png,E,3,30,5,190,97,100,97,180,0
../data/J_2_68.png,J,2,87,35,80,36,31,125,91,1
../data/J_2_40.png,J,2,63,24,116,36,10,130,65,1
../data/J_2_54.png,J,2,128,18,58,21,35,188,74,1
../data/0_3_2.png,0,3,21,19,171,62,28,118,56,0
../data/E_3_09.png,E,3,85,28,110,45,5,201,62,1
../data/I_2_07.png,I,2,87,61,113,45,3,182,80,1
../data/H_2_13.png,H,2,19,10,201,103,52,137,40,0
../data/H_2_07.png,H,2,84,48,102,53,18,131,79,1
../data/I_2_13.png,I,2,30,13,174,107,53,92,70,0
../data/U_3_10.png,U,3,53,11,181,73,32,150,85,0
../data/U_3_04.png,U,3,50,26,117,41,33,153,106,0
../data/O_2_89.png,O,2,81,65,142,26,9,201,43,1
../data/X_2_22.png,X,2,65,73,108,32,21,185,64,1
../data/Y_2_36.png,Y,2,45,6,183,106,51,114,45,0
../data/Y_2_22.png,Y,2,51,37,97,26,9,190,77,0
../data/O_2_62.png,O,2,95,35,94,66,11,117,67,1
../data/O_2_76.png,O,2,22,15,185,115,63,89,70,0
../data/E_2_49.png,E,2,70,42,140,60,1,201,78,1
../data/E_2_75.png,E,2,98,16,130,15,10,206,98,1
../data/S_2_09.png,S,2,73,46,117,54,28,138,65,1
../data/E_2_61.png,E,2,87,23,111,27,11,202,58,1
../data/9_3_1.png,9,3,38,13,156,36,7,176,21,0
../data/8_2_24.png,8,2,79,30,119,21,12,145,81,1
../data/8_2_30.png,8,2,30,7,190,108,87,120,126,0
../data/8_2_18.png,8,2,98,21,133,98,7,156,63,1
../data/T_3_6.png,T,3,23,5,216,90,8,182,58,0
../data/B_2_04.png,B,2,69,15,120,60,3,170,23,1
../data/B_2_10.png,B,2,21,9,208,111,56,124,72,0
../data/U_2_087.png,U,2,14,25,171,74,28,102,64,0
../data/U_2_093.png,U,2,106,78,98,67,15,155,66,1
../data/T_2_44.png,T,2,19,10,195,103,19,121,33,0
../data/L_2_019.png,L,2,95,108,118,30,2,208,30,1
../data/V_2_03.png,V,2,24,39,158,21,12,218,43,0
../data/U_2_078.png,U,2,22,16,180,113,33,94,38,0
../data/V_2_17.png,V,2,21,18,187,90,21,108,52,0
../data/W_2_03.png,W,2,25,8,198,20,60,94,96,0
../data/L_2_025.png,L,2,23,10,196,33,51,119,68,0
../data/U_2_044.png,U,2,72,48,123,53,33,141,92,1
../data/U_2_050.png,U,2,21,13,191,78,10,130,46,0
../data/L_2_031.png,L,2,94,36,114,68,7,141,45,1
../data/U_2_046.png,U,2,22,16,175,20,15,200,56,0
../data/L_2_027.png,L,2,90,15,102,23,5,223,28,1
../data/L_2_033.png,L,2,41,20,181,102,50,101,67,0
../data/U_2_052.png,U,2,53,23,100,24,28,145,93,0
../data/V_2_01.png,V,2,60,2,205,97,79,94,125,0
../data/W_2_01.png,W,2,53,17,133,18,21,182,67,0
../data/V_2_15.png,V,2,48,21,156,84,66,100,63,0
../data/U_2_085.png,U,2,20,15,207,16,19,149,47,0
../data/U_2_091.png,U,2,88,38,106,67,31,138,101,1
../data/T_2_46.png,T,2,42,14,90,30,5,209,33,0
../data/B_2_06.png,B,2,74,31,107,41,20,137,35,1
../data/T_3_4.png,T,3,92,58,123,78,26,149,50,1
../data/dot_2_09.png,.,2,47,69,137,97,41,81,29,1
../data/B_2_12.png,B,2,66,62,123,55,41,138,53,1
../data/F_2_18.png,F,2,94,56,96,32,25,143,20,1
../data/8_2_26.png,8,2,90,48,111,81,12,144,52,1
../data/F_2_24.png,F,2,20,8,185,35,40,82,132,0
../data/8_2_32.png,8,2,26,9,194,108,59,99,124,0
../data/E_2_77.png,E,2,16,40,134,19,23,207,74,0
../data/E_2_63.png,E,2,26,9,196,165,3,167,94,0
../data/J_3_02.png,J,3,34,11,182,47,12,153,124,0
../data/O_2_60.png,O,2,88,38,81,18,32,193,71,1
../data/Y_2_08.png,Y,2,20,8,190,20,15,154,104,0
../data/X_2_08.png,X,2,22,27,168,73,49,99,82,0
../data/O_2_74.png,O,2,97,21,108,30,22,151,40,1
../data/Y_2_34.png,Y,2,43,11,165,106,95,97,117,0
../data/X_2_20.png,X,2,84,65,118,64,12,149,66,1
../data/O_2_48.png,O,2,19,15,186,100,56,100,34,0
../data/Y_2_20.png,Y,2,65,18,169,107,95,99,91,1
../data/3_2_19.png,3,2,89,82,103,24,7,196,61,1
../data/U_3_12.png,U,3,94,20,104,50,18,129,51,1
../data/U_3_06.png,U,3,64,49,119,72,67,106,42,1
../data/I_2_39.png,I,2,120,2,217,117,114,116,91,1
../data/H_2_39.png,H,2,80,46,117,49,14,151,58,1
../data/H_2_11.png,H,2,90,37,97,71,30,120,43,1
../data/I_2_05.png,I,2,58,23,163,86,74,121,42,0
../data/I_2_11.png,I,2,81,66,101,64,41,136,44,1
../data/H_2_05.png,H,2,90,89,100,30,6,181,48,1
../data/J_2_42.png,J,2,78,60,107,20,41,187,59,1
../data/J_2_56.png,J,2,28,21,172,103,43,96,52,0
../data/J_2_57.png,J,2,75,54,113,27,14,179,109,1
../data/0_3_1.png,0,3,65,12,124,21,16,201,62,0
../data/J_2_43.png,J,2,34,10,186,38,5,218,111,0
../data/I_2_10.png,I,2,24,31,172,77,22,104,46,0
../data/H_2_04.png,H,2,87,88,101,30,7,191,76,1
../data/H_2_10.png,H,2,94,50,117,60,2,146,53,1
../data/I_2_04.png,I,2,41,26,159,24,14,184,62,0
../data/H_2_38.png,H,2,33,14,181,33,37,146,115,0
../data/I_2_38.png,I,2,38,63,122,30,9,166,72,0
../data/U_3_07.png,U,3,45,32,97,72,26,145,171,0
../data/U_3_13.png,U,3,79,67,107,52,35,137,67,1
../data/3_2_18.png,3,2,93,88,102,30,5,194,48,1
../data/Y_2_21.png,Y,2,32,20,163,83,43,102,80,0
../data/O_2_49.png,O,2,20,21,185,68,40,115,90,0
../data/Y_2_35.png,Y,2,69,71,107,62,27,124,34,1
../data/X_2_21.png,X,2,86,40,108,66,9,140,89,1
../data/X_2_09.png,X,2,86,68,117,73,36,136,42,1
../data/O_2_75.png,O,2,19,10,199,70,5,147,43,0
../data/Y_2_09.png,Y,2,67,19,122,40,21,144,106,1
../data/O_2_61.png,O,2,77,16,109,20,15,204,46,1
../data/J_3_03.png,J,3,86,32,110,30,14,199,112,1
../data/E_2_62.png,E,2,95,120,125,60,1,208,30,1
../data/E_2_76.png,E,2,100,24,129,38,5,200,74,1
../data/F_2_25.png,F,2,110,6,118,19,26,188,54,1
../data/8_2_33.png,8,2,21,22,165,73,31,100,41,0
../data/8_2_27.png,8,2,14,34,165,48,11,120,15,0
../data/F_2_19.png,F,2,23,11,208,77,18,128,42,0
../data/B_2_13.png,B,2,34,43,94,38,28,135,155,0
../data/dot_2_08.png,.,2,80,8,100,48,9,142,56,1
../data/B_2_07.png,B,2,40,64,120,30,7,182,89,0
../data/T_3_5.png,T,3,95,29,113,30,11,200,80,1
../data/U_2_090.png,U,2,90,52,78,39,19,137,39,1
../data/U_2_084.png,U,2,17,30,195,113,41,80,56,0
../data/V_2_14.png,V,2,87,45,124,64,12,150,114,1
../data/L_2_032.png,L,2,65,38,127,53,29,143,63,1
../data/U_2_053.png,U,2,86,18,100,25,12,124,52,1
../data/U_2_047.png,U,2,42,32,143,21,8,211,56,0
../data/L_2_026.png,L,2,84,12,106,66,10,131,49,1
../data/L_2_069.png,L,2,85,39,112,21,16,160,63,1
../data/U_2_008.png,U,2,53,18,126,75,8,195,19,0
../data/colon_2_09.png,:,2,20,8,202,19,9,218,73,0
../data/U_2_020.png,U,2,18,24,178,23,16,193,22,0
../data/colon_2_21.png,:,2,21,34,175,104,29,98,43,0
../data/X_3_12.png,X,3,88,60,111,80,18,129,25,1
../data/L_2_041.png,L,2,80,80,96,57,18,140,49,1
../data/Y_3_06.png,Y,3,60,6,206,66,7,187,73,0
../data/Y_3_12.png,Y,3,30,19,147,28,47,87,102,0
../data/L_2_055.png,L,2,67,17,132,84,65,98,76,1
../data/X_3_06.png,X,3,35,27,114,24,7,190,148,0
../data/U_2_034.png,U,2,99,76,114,69,17,150,110,1
../data/T_2_08.png,T,2,85,53,126,50,5,161,47,1
../data/L_3_15.png,L,3,36,63,102,19,48,209,127,0
../data/T_2_34.png,T,2,90,4,129,20,10,219,34,1
../data/M_3_01.png,M,3,46,65,164,39,56,169,11,1
../data/L_2_082.png,L,2,76,35,108,40,5,141,54,1
../data/L_2_096.png,L,2,95,70,91,66,9,135,66,1
../data/L_3_01.png,L,3,60,4,127,116,20,102,98,0
../data/T_2_20.png,T,2,90,39,131,90,1,203,47,1
../data/8_2_40.png,8,2,26,27,153,94,60,89,44,0
../data/Q_2_16.png,Q,2,21,17,191,118,47,87,84,0
../data/P_2_02.png,P,2,52,29,160,97,90,94,80,0
../data/P_2_16.png,P,2,78,50,117,67,32,136,66,1
../data/Q_2_02.png,Q,2,90,32,111,60,8,150,100,1
../data/E_2_39.png,E,2,70,53,106,42,36,126,66,1
../data/E_2_11.png,E,2,36,17,152,82,25,111,19,0
../data/D_2_05.png,D,2,110,5,147,111,27,125,56,1
../data/D_2_11.png,D,2,62,30,111,42,29,130,65,1
../data/E_2_05.png,E,2,115,25,114,96,9,145,29,1
../data/Y_2_46.png,Y,2,112,97,87,44,20,140,103,1
../data/0_2_04.png,0,2,90,43,131,26,9,203,132,1
../data/O_2_06.png,O,2,20,18,174,49,60,124,52,0
../data/1_2_10.png,1,2,106,65,74,26,11,161,33,1
../data/1_2_04.png,1,2,47,28,163,103,78,95,103,0
../data/O_2_12.png,O,2,65,44,127,24,23,213,31,1
../data/0_2_10.png,0,2,84,81,117,60,34,136,26,1
../data/C_3_08.png,C,3,90,19,135,97,46,117,75,1
../data/C_3_20.png,C,3,24,7,187,37,23,146,36,0
../data/C_3_34.png,C,3,48,19,163,101,101,86,117,0
../data/L_2_109.png,L,2,21,20,182,34,12,150,61,0
../data/W_3_2.png,W,3,89,83,108,70,42,147,128,1
../data/!_2_09.png,!,2,26,10,197,17,67,144,26,0
../data/F_3_02.png,F,3,30,12,129,50,5,159,34,0
../data/L_2_121.png,L,2,32,45,102,21,9,201,107,0
../data/J_2_18.png,J,2,18,16,191,20,10,151,62,0
../data/J_2_24.png,J,2,84,19,134,24,6,202,90,1
../data/K_3_1.png,K,3,17,63,145,27,12,191,39,0
../data/J_2_30.png,J,2,47,13,141,27,15,182,26,0
../data/J_2_31.png,J,2,0,0,0,76,68,123,25,0
../data/J_2_25.png,J,2,94,77,113,71,38,149,98,1
../data/J_2_19.png,J,2,15,17,178,23,7,153,65,0
../data/L_2_120.png,L,2,75,76,124,65,20,151,81,1
../data/F_3_03.png,F,3,86,38,113,48,9,148,39,1
../data/!_2_08.png,!,2,30,11,169,40,16,140,44,0
../data/L_2_108.png,L,2,97,28,117,19,24,198,61,1
../data/C_3_35.png,C,3,27,11,213,17,10,176,70,0
../data/C_3_21.png,C,3,45,4,143,24,7,172,29,0
../data/C_3_09.png,C,3,100,12,127,27,12,214,82,1
../data/1_2_05.png,1,2,60,31,117,30,2,221,46,1
../data/0_2_11.png,0,2,78,29,113,27,18,141,72,1
../data/O_2_13.png,O,2,99,96,104,66,24,149,69,1
../data/O_2_07.png,O,2,98,59,142,97,20,165,79,1
../data/0_2_05.png,0,2,19,12,226,20,7,208,15,0
../data/1_2_11.png,1,2,23,11,194,104,73,98,32,0
../data/Y_2_47.png,Y,2,116,50,87,13,11,212,105,1
../data/V_3_6.png,V,3,92,63,125,85,19,159,117,1
../data/D_2_10.png,D,2,90,7,143,20,4,218,92,1
../data/E_2_04.png,E,2,36,6,205,85,69,103,169,0
../data/E_2_10.png,E,2,88,32,112,41,19,145,74,1
../data/D_2_04.png,D,2,33,13,190,56,14,150,152,0
../data/E_2_38.png,E,2,90,8,132,25,7,215,69,1
../data/P_2_17.png,P,2,92,56,73,34,36,121,63,1
../data/Q_2_03.png,Q,2,18,13,193,17,17,209,38,0
../data/P_2_03.png,P,2,96,79,116,65,18,156,113,1
../data/L_2_097.png,L,2,94,51,121,30,3,200,89,1
../data/T_2_21.png,T,2,38,38,100,30,5,196,84,0
../data/T_2_35.png,T,2,114,61,83,12,6,213,95,1
../data/L_3_14.png,L,3,45,2,214,96,24,160,62,0
../data/L_2_083.png,L,2,50,5,156,72,54,104,68,0
../data/T_2_09.png,T,2,33,40,122,34,46,89,130,0
../data/L_2_054.png,L,2,67,43,126,30,3,165,63,1
../data/Y_3_13.png,Y,3,92,38,101,76,32,118,24,1
../data/U_2_035.png,U,2,90,10,129,21,9,195,23,1
../data/X_3_07.png,X,3,53,36,91,25,25,121,105,0
../data/X_3_13.png,X,3,24,13,191,38,15,140,54,0
../data/colon_2_20.png,:,2,26,9,189,90,1,225,37,0
../data/U_2_021.png,U,2,20,8,184,53,11,94,34,0
../data/Y_3_07.png,Y,3,74,64,108,47,16,144,96,1
../data/L_2_040.png,L,2,90,4,186,81,23,157,71,1
../data/L_2_068.png,L,2,68,19,105,13,21,193,132,1
../data/colon_2_08.png,:,2,20,11,208,24,7,184,48,0
../data/U_2_009.png,U,2,70,12,132,78,7,196,23,1
../data/A_2_18.png,A,2,0,0,226,0,0,210,25,0
../data/X_3_05.png,X,3,23,11,192,77,57,117,76,0
../data/U_2_037.png,U,2,75,3,194,20,3,224,88,1
../data/Y_3_11.png,Y,3,68,20,101,27,19,136,78,1
../data/L_2_056.png,L,2,85,27,112,53,14,147,156,1
../data/L_2_042.png,L,2,93,64,128,69,27,160,90,1
../data/Y_3_05.png,Y,3,100,12,126,80,5,159,62,1
../data/A_2_24.png,A,2,20,8,102,13,52,153,141,0
../data/U_2_023.png,U,2,84,31,115,38,4,228,20,1
../data/colon_2_22.png,:,2,72,27,95,40,30,126,76,1
../data/X_3_11.png,X,3,86,45,90,39,25,142,37,1
../data/L_3_02.png,L,3,72,29,130,35,17,166,49,1
../data/T_2_23.png,T,2,25,9,170,57,25,92,80,0
../data/L_2_095.png,L,2,55,17,168,38,11,189,58,0
../data/M_3_02.png,M,3,16,29,201,115,78,95,41,0
../data/L_2_081.png,L,2,30,6,167,93,42,114,56,0
../data/L_3_16.png,L,3,95,52,89,55,11,138,48,1
../data/T_2_37.png,T,2,89,61,108,71,42,145,102,1
../data/H_3_08.png,H,3,75,64,112,57,34,137,80,1
../data/I_3_08.png,I,3,22,19,205,109,29,125,28,0
../data/Q_2_01.png,Q,2,29,45,120,29,35,145,46,0
../data/P_2_15.png,P,2,24,19,189,19,26,164,100,0
../data/P_2_01.png,P,2,104,62,116,75,21,145,217,1
../data/Q_2_15.png,Q,2,19,11,179,17,27,150,76,0
../data/dot_3_1.png,.,3,105,97,95,85,23,135,99,1
../data/E_2_06.png,E,2,57,61,109,52,33,139,43,1
../data/D_2_12.png,D,2,26,11,184,107,49,110,27,0
../data/D_2_06.png,D,2,48,74,113,58,79,90,52,1
../data/E_2_12.png,E,2,96,14,90,39,32,152,58,1
../data/Y_2_45.png,Y,2,113,91,90,37,16,143,124,1
../data/O_2_39.png,O,2,71,62,116,69,25,142,67,1
../data/V_3_4.png,V,3,30,4,208,76,23,169,83,0
../data/O_2_11.png,O,2,81,50,108,40,10,148,54,1
../data/0_2_13.png,0,2,18,38,183,84,55,98,45,0
../data/1_2_07.png,1,2,83,44,104,18,7,193,40,1
../data/0_2_07.png,0,2,67,39,111,90,62,94,29,1
../data/O_2_05.png,O,2,74,50,107,51,12,143,72,1
../data/C_3_37.png,C,3,72,38,113,70,6,137,75,1
../data/C_3_23.png,C,3,21,40,167,22,50,148,49,0
../data/W_3_1.png,W,3,72,41,111,34,32,136,13,1
../data/I_2_48.png,I,2,81,22,118,45,2,231,55,1
../data/L_2_122.png,L,2,81,30,119,12,6,204,70,1
../data/F_3_01.png,F,3,94,17,105,30,24,160,68,1
../data/H_2_48.png,H,2,86,52,107,45,35,144,21,1
../data/J_2_33.png,J,2,86,18,98,22,13,208,89,1
../data/J_2_27.png,J,2,92,27,124,68,7,148,95,1
../data/J_2_26.png,J,2,28,24,177,74,65,113,83,0
../data/J_2_32.png,J,2,15,6,183,97,19,123,81,0
../data/H_2_49.png,H,2,102,74,107,60,1,207,96,1
../data/L_2_123.png,L,2,94,34,111,13,9,192,61,1
../data/I_2_49.png,I,2,21,13,199,116,61,101,60,0
../data/C_3_22.png,C,3,80,12,123,19,10,214,29,1
../data/C_3_36.png,C,3,76,58,114,41,13,155,61,1
../data/1_2_12.png,1,2,60,10,155,99,53,110,43,0
../data/O_2_04.png,O,2,90,39,78,51,22,118,29,1
../data/0_2_06.png,0,2,23,6,171,45,5,201,28,0
../data/0_2_12.png,0,2,98,39,130,96,9,148,83,1
../data/O_2_10.png,O,2,79,18,112,19,15,190,40,1
../data/1_2_06.png,1,2,91,50,107,101,78,95,78,1
../data/Y_2_50.png,Y,2,92,38,101,75,31,117,35,1
../data/V_3_5.png,V,3,19,14,199,111,15,123,52,0
../data/O_2_38.png,O,2,25,7,205,113,50,108,40,0
../data/Y_2_44.png,Y,2,113,65,86,13,9,210,99,1
../data/D_2_07.png,D,2,21,15,165,23,16,192,105,0
../data/E_2_13.png,E,2,101,42,116,45,6,160,16,1
../data/E_2_07.png,E,2,60,58,110,78,75,88,47,1
../data/D_2_13.png,D,2,84,20,126,17,8,215,52,1
../data/Q_2_14.png,Q,2,83,37,90,21,17,194,42,1
../data/2_3_1.png,2,3,77,41,130,30,1,226,69,1
../data/P_2_14.png,P,2,22,15,181,82,43,89,51,0
../data/I_3_09.png,I,3,68,41,112,42,18,141,113,1
../data/H_3_09.png,H,3,85,9,171,10,4,212,104,1
../data/L_2_080.png,L,2,65,10,157,80,17,135,28,0
../data/M_3_03.png,M,3,98,65,121,107,12,152,50,1
../data/T_2_36.png,T,2,88,42,115,52,18,155,106,1
../data/L_3_17.png,L,3,44,18,181,102,64,107,107,0
../data/T_2_22.png,T,2,90,49,134,19,9,216,82,1
../data/L_3_03.png,L,3,73,50,96,16,36,205,33,1
../data/L_2_094.png,L,2,34,11,190,30,7,210,58,0
../data/A_2_25.png,A,2,67,34,129,15,15,205,49,1
../data/Y_3_04.png,Y,3,84,9,146,60,5,216,62,1
../data/L_2_043.png,L,2,30,8,193,46,17,170,74,0
../data/X_3_10.png,X,3,90,2,125,30,21,143,11,1
../data/colon_2_23.png,:,2,80,54,117,49,13,153,80,1
../data/U_2_022.png,U,2,39,31,115,22,40,142,44,0
../data/U_2_036.png,U,2,98,82,121,79,32,153,121,1
../data/X_3_04.png,X,3,79,55,112,45,2,216,34,1
../data/L_2_057.png,L,2,30,4,182,30,4,209,89,0
../data/Y_3_10.png,Y,3,57,22,103,23,12,194,82,0
../data/A_2_19.png,A,2,97,34,97,53,23,143,77,1
../data/Y_3_14.png,Y,3,68,26,119,40,4,196,49,1
../data/L_2_053.png,L,2,71,29,123,54,9,146,71,1
../data/U_2_032.png,U,2,30,4,201,77,14,166,89,0
../data/U_2_026.png,U,2,88,45,91,62,29,113,36,1
../data/colon_2_27.png,:,2,48,38,100,20,11,215,47,0
../data/X_3_14.png,X,3,91,57,126,79,18,153,112,1
../data/L_2_047.png,L,2,21,22,163,62,56,114,20,0
../data/A_2_21.png,A,2,91,59,113,53,21,158,166,1
../data/Y_3_28.png,Y,3,102,40,147,20,7,217,62,1
../data/A_2_09.png,A,2,17,12,194,12,8,164,53,0
../data/L_2_090.png,L,2,68,54,108,38,7,145,65,1
../data/L_3_07.png,L,3,99,87,106,78,51,136,184,1
../data/T_2_26.png,T,2,87,44,109,75,27,134,48,1
../data/L_3_13.png,L,3,41,43,101,25,41,136,75,0
../data/T_2_32.png,T,2,15,3,204,0,0,175,40,0
../data/M_3_07.png,M,3,108,64,91,26,8,225,26,1
../data/L_2_084.png,L,2,66,55,112,38,7,147,48,1
../data/P_2_10.png,P,2,88,60,107,63,34,137,77,1
../data/Q_2_04.png,Q,2,70,47,125,76,65,110,79,1
../data/Q_2_10.png,Q,2,44,26,129,98,86,95,80,0
../data/P_2_04.png,P,2,74,68,113,73,16,142,86,1
../data/D_2_17.png,D,2,98,28,102,20,33,185,27,1
../data/E_2_03.png,E,2,104,37,104,27,13,213,90,1
../data/E_2_17.png,E,2,78,39,118,30,12,197,78,1
../data/D_2_03.png,D,2,30,4,196,98,72,131,92,0
../data/1_2_02.png,1,2,30,3,202,102,65,121,93,0
../data/O_2_14.png,O,2,98,60,114,19,9,230,49,1
../data/0_2_16.png,0,2,58,46,94,27,45,124,66,1
../data/0_2_02.png,0,2,17,9,204,10,4,176,43,0
../data/Y_2_40.png,Y,2,24,14,179,32,23,144,139,0
../data/O_2_28.png,O,2,25,63,126,19,14,194,99,0
../data/V_3_1.png,V,3,60,6,183,60,7,147,57,0
../data/C_3_32.png,C,3,69,47,93,21,9,205,39,1
../data/C_3_26.png,C,3,120,5,93,11,14,143,68,1
../data/F_3_10.png,F,3,20,16,188,20,11,215,85,0
../data/F_3_04.png,F,3,81,44,111,21,10,184,93,1
../data/J_2_36.png,J,2,17,10,184,98,56,110,70,0
../data/J_2_22.png,J,2,30,9,197,36,7,175,36,0
../data/5_2_08.png,5,2,40,9,173,111,107,95,156,0
../data/4_2_08.png,4,2,68,65,113,60,16,143,76,1
../data/4_2_09.png,4,2,45,3,154,20,7,223,51,0
../data/5_2_09.png,5,2,20,13,183,98,25,114,57,0
../data/J_2_23.png,J,2,87,45,114,78,19,131,59,1
../data/J_2_37.png,J,2,30,4,204,116,65,79,115,0
../data/F_3_05.png,F,3,73,70,110,48,40,146,81,1
../data/F_3_11.png,F,3,120,12,104,7,34,187,89,1
../data/C_3_27.png,C,3,85,71,115,78,9,143,46,1
../data/C_3_33.png,C,3,102,10,128,24,12,214,70,1
../data/O_2_29.png,O,2,21,21,195,23,9,230,37,0
../data/Y_2_41.png,Y,2,73,34,105,98,46,83,68,1
../data/O_2_01.png,O,2,84,44,121,77,25,143,77,1
../data/0_2_03.png,0,2,17,9,206,0,3,170,49,0
../data/1_2_03.png,1,2,25,26,170,90,20,112,30,0
../data/0_2_17.png,0,2,22,12,225,21,22,187,55,0
../data/O_2_15.png,O,2,34,11,186,72,22,148,138,0
../data/E_2_16.png,E,2,22,16,180,23,32,143,144,0
../data/D_2_02.png,D,2,45,13,193,63,20,156,115,0
../data/D_2_16.png,D,2,33,14,162,97,55,115,55,0
../data/E_2_02.png,E,2,96,8,150,94,16,128,41,1
../data/H_3_18.png,H,3,21,13,200,21,24,169,84,0
../data/Q_2_11.png,Q,2,90,35,101,21,22,193,143,1
../data/P_2_05.png,P,2,57,20,138,24,6,197,56,0
../data/P_2_11.png,P,2,87,59,113,57,29,157,112,1
../data/Q_2_05.png,Q,2,85,64,103,58,31,156,104,1
../data/T_2_33.png,T,2,81,38,93,53,35,123,52,1
../data/L_3_12.png,L,3,23,12,191,23,7,153,138,0
../data/L_2_085.png,L,2,73,46,99,50,5,150,75,1
../data/M_3_06.png,M,3,33,44,156,48,55,138,39,0
../data/L_2_091.png,L,2,65,25,124,26,14,146,59,1
../data/T_2_27.png,T,2,96,65,117,35,8,196,61,1
../data/L_3_06.png,L,3,92,32,113,40,19,162,52,1
../data/A_2_08.png,A,2,46,22,172,101,85,90,166,0
../data/Y_3_29.png,Y,3,105,74,110,30,8,196,117,1
../data/3_3_1.png,3,3,61,55,115,24,23,165,89,1
../data/colon_2_26.png,:,2,73,24,94,22,30,163,67,1
../data/U_2_027.png,U,2,98,24,85,21,27,121,61,1
../data/A_2_20.png,A,2,78,76,101,69,12,146,97,1
../data/Y_3_01.png,Y,3,96,34,104,53,22,142,107,1
../data/L_2_046.png,L,2,23,17,182,21,8,222,96,0
../data/L_2_052.png,L,2,98,64,80,40,21,144,44,1
../data/Y_3_15.png,Y,3,26,20,192,25,39,156,114,0
../data/colon_2_32.png,:,2,27,33,139,68,29,104,49,0
../data/U_2_033.png,U,2,89,47,109,45,17,148,41,1
../data/X_3_01.png,X,3,62,34,97,30,7,186,126,1
../data/L_2_044.png,L,2,48,31,108,24,41,149,19,0
../data/Y_3_03.png,Y,3,66,11,121,77,9,205,42,0
../data/A_2_22.png,A,2,72,59,113,65,39,132,41,1
../data/U_2_025.png,U,2,40,60,144,49,79,87,90,0
../data/colon_2_24.png,:,2,87,70,121,70,36,154,37,1
../data/X_3_03.png,X,3,40,5,163,85,53,106,47,0
../data/U_2_031.png,U,2,30,4,200,77,14,166,78,0
../data/colon_2_30.png,:,2,22,14,195,86,32,110,70,0
../data/Y_3_17.png,Y,3,46,77,123,39,17,195,47,1
../data/L_2_050.png,L,2,92,48,106,17,9,194,84,1
../data/L_2_078.png,L,2,27,14,186,20,5,154,42,0
../data/U_2_019.png,U,2,21,15,172,75,35,103,25,0
../data/colon_2_18.png,:,2,19,21,194,16,23,168,82,0
../data/M_3_04.png,M,3,88,34,119,30,6,197,113,1
../data/L_2_087.png,L,2,38,7,155,71,47,108,71,0
../data/L_3_10.png,L,3,38,15,184,105,60,93,227,0
../data/T_2_31.png,T,2,20,4,189,60,1,237,25,0
../data/L_3_04.png,L,3,75,33,108,23,17,200,51,1
../data/T_2_25.png,T,2,19,20,180,77,45,103,53,0
../data/L_2_093.png,L,2,40,4,186,24,6,221,117,0
../data/T_2_19.png,T,2,17,45,154,60,30,92,42,0
../data/P_2_07.png,P,2,23,27,162,92,39,92,66,0
../data/Q_2_13.png,Q,2,110,12,133,25,7,214,56,1
../data/Q_2_07.png,Q,2,69,30,146,66,16,164,138,1
../data/P_2_13.png,P,2,25,25,173,60,44,121,65,0
../data/E_2_14.png,E,2,20,21,186,27,18,153,36,0
../data/D_2_14.png,D,2,23,17,182,15,14,145,78,0
../data/E_2_28.png,E,2,81,43,95,46,23,123,80,1
../data/0_2_01.png,0,2,92,76,121,64,23,155,73,1
../data/O_2_03.png,O,2,79,43,102,60,14,130,50,1
../data/O_2_17.png,O,2,30,4,187,67,16,146,168,0
../data/0_2_15.png,0,2,99,83,107,83,43,136,113,1
../data/1_2_01.png,1,2,102,24,108,23,18,222,102,1
../data/V_3_2.png,V,3,60,8,132,53,7,152,59,0
../data/0_2_29.png,0,2,78,44,127,23,11,188,77,1
../data/Y_2_43.png,Y,2,113,105,85,40,11,138,96,1
../data/C_3_25.png,C,3,24,10,133,23,5,218,81,0
../data/C_3_31.png,C,3,26,30,143,40,59,90,34,0
../data/C_3_19.png,C,3,55,16,96,38,19,146,82,0
../data/F_3_07.png,F,3,65,58,109,53,32,127,42,1
../data/L_2_124.png,L,2,38,38,121,28,31,149,47,0
../data/L_2_118.png,L,2,51,25,134,37,16,148,56,0
../data/J_2_21.png,J,2,98,64,108,66,26,146,156,1
../data/J_2_35.png,J,2,39,10,182,53,19,157,66,0
../data/J_2_09.png,J,2,30,18,182,30,7,214,94,0
../data/J_2_08.png,J,2,88,44,111,75,17,150,179,1
../data/J_2_34.png,J,2,97,66,123,94,24,146,98,1
../data/J_2_20.png,J,2,115,89,95,5,12,234,44,1
../data/L_2_119.png,L,2,60,22,128,40,5,162,43,0
../data/F_3_12.png,F,3,17,9,195,15,6,164,80,0
../data/L_2_125.png,L,2,113,8,125,26,19,204,72,1
../data/F_3_06.png,F,3,88,26,117,21,23,156,84,1
../data/C_3_18.png,C,3,20,8,194,98,7,149,87,0
../data/C_3_30.png,C,3,101,49,104,63,22,141,204,1
../data/C_3_24.png,C,3,30,18,184,50,15,151,55,0
../data/Y_2_42.png,Y,2,20,16,194,114,101,86,190,0
../data/0_2_28.png,0,2,60,6,160,26,9,206,75,0
../data/V_3_3.png,V,3,45,5,195,76,17,162,114,0
../data/0_2_14.png,0,2,30,3,204,68,35,144,89,0
../data/O_2_16.png,O,2,90,47,124,24,13,197,46,1
../data/O_2_02.png,O,2,91,64,108,30,6,204,60,1
../data/E_2_29.png,E,2,98,76,114,68,13,158,35,1
../data/E_2_01.png,E,2,60,4,126,30,7,179,35,0
../data/D_2_15.png,D,2,51,48,102,51,12,149,137,1
../data/D_2_01.png,D,2,47,13,139,48,7,179,48,0
../data/E_2_15.png,E,2,65,9,171,100,51,121,97,0
../data/Q_2_06.png,Q,2,39,20,182,34,9,206,35,0
../data/P_2_12.png,P,2,63,26,99,39,40,127,80,1
../data/P_2_06.png,P,2,106,24,119,19,13,157,48,1
../data/Q_2_12.png,Q,2,60,2,147,24,6,209,51,0
../data/T_2_18.png,T,2,88,54,122,70,5,156,56,1
../data/T_2_24.png,T,2,43,24,96,49,16,126,103,0
../data/L_3_05.png,L,3,85,12,124,21,13,202,58,1
../data/L_2_092.png,L,2,75,34,119,20,8,184,75,1
../data/L_2_086.png,L,2,70,5,156,73,56,105,71,0
../data/M_3_05.png,M,3,64,18,114,38,23,132,71,0
../data/T_2_30.png,T,2,23,10,211,23,88,101,42,0
../data/L_3_11.png,L,3,94,70,84,75,21,146,43,1
../data/L_2_079.png,L,2,60,3,189,38,5,217,75,0
../data/colon_2_19.png,:,2,26,21,167,23,10,212,96,0
../data/U_2_018.png,U,2,92,33,122,80,5,148,100,1
../data/colon_2_31.png,:,2,20,55,162,60,35,94,51,0
../data/U_2_030.png,U,2,25,49,93,26,28,135,165,0
../data/X_3_02.png,X,3,80,56,110,50,5,159,36,1
../data/L_2_051.png,L,2,26,12,172,101,57,89,57,0
../data/Y_3_16.png,Y,3,19,10,197,45,4,139,67,0
../data/A_2_23.png,A,2,38,5,215,113,64,103,49,0
../data/Y_3_02.png,Y,3,70,18,85,34,14,126,80,1
../data/L_2_045.png,L,2,0,0,133,26,9,188,92,0
../data/3_3_2.png,3,3,74,71,97,33,17,168,65,1
../data/colon_2_25.png,:,2,32,28,139,30,29,161,24,0
../data/U_2_024.png,U,2,21,9,205,104,51,140,67,0